{"loss": [7.168997287750244, 6.627960205078125, 6.019602298736572, 5.639728546142578, 5.375332355499268, 5.150188446044922, 4.963669776916504, 4.842586040496826, 4.760765075683594, 4.657731056213379, 4.55434513092041, 4.444425106048584, 4.3976216316223145, 4.37171745300293, 4.299637317657471, 4.267904758453369, 4.251204013824463, 4.20216178894043, 4.183753490447998, 4.166299819946289, 4.103980541229248, 4.088019847869873, 4.0045881271362305, 4.111886501312256, 4.028151988983154, 4.045142650604248, 3.9931230545043945, 3.998406410217285, 4.005189418792725, 3.9873411655426025, 3.9827046394348145, 3.9815361499786377, 3.9357035160064697, 3.970684289932251, 3.929415702819824, 3.9114387035369873, 3.9334347248077393, 3.9553749561309814, 3.8965647220611572, 3.961982011795044, 3.9277734756469727, 3.89414644241333, 3.918113946914673, 3.8938214778900146, 3.9348042011260986, 3.896193504333496, 3.8582570552825928, 3.9155123233795166, 3.8600869178771973, 3.9038197994232178, 3.8922431468963623, 3.8307547569274902, 3.882589101791382, 3.910067081451416, 3.88163423538208, 3.8585422039031982, 3.847308874130249, 3.830932378768921, 3.8833696842193604, 3.8250725269317627, 3.837283134460449, 3.847315788269043, 3.811103582382202, 3.816573143005371, 3.8362362384796143, 3.8581202030181885], "val_loss": [4.720879554748535, 4.003009796142578, 3.456852912902832, 3.0767295360565186, 2.798401355743408, 2.5678791999816895, 2.394496440887451, 2.2680420875549316, 2.1455063819885254, 2.053506851196289, 1.962867259979248, 1.9022434949874878, 1.8281748294830322, 1.7733839750289917, 1.739063024520874, 1.6838760375976562, 1.6514196395874023, 1.6142078638076782, 1.5959603786468506, 1.5562676191329956, 1.5320907831192017, 1.5198960304260254, 1.4893790483474731, 1.481719970703125, 1.4610453844070435, 1.4542101621627808, 1.4408677816390991, 1.4228739738464355, 1.4080591201782227, 1.400489330291748, 1.3884204626083374, 1.3808211088180542, 1.3777028322219849, 1.3736423254013062, 1.3738504648208618, 1.3624187707901, 1.3572672605514526, 1.3583457469940186, 1.357771396636963, 1.3418855667114258, 1.3382371664047241, 1.3279693126678467, 1.3324557542800903, 1.3377065658569336, 1.3293119668960571, 1.3315197229385376, 1.3451507091522217, 1.325599193572998, 1.3296438455581665, 1.3325082063674927, 1.3248958587646484, 1.3134758472442627, 1.311877965927124, 1.3282537460327148, 1.324957013130188, 1.307823896408081, 1.3216989040374756, 1.3132792711257935, 1.3201512098312378, 1.3102484941482544, 1.3192224502563477, 1.3084861040115356, 1.311816692352295, 1.3167349100112915, 1.321231484413147, 1.3188796043395996]}