{"loss": [7.0130133628845215, 6.197490215301514, 5.6533403396606445, 5.2796311378479, 5.017658233642578, 4.7954888343811035, 4.669544219970703, 4.472435474395752, 4.379992961883545, 4.334995269775391, 4.257645130157471, 4.1808600425720215, 4.139683246612549, 4.044243812561035, 3.962634801864624, 3.970550298690796, 3.9831862449645996, 3.9492173194885254, 3.9422574043273926, 3.8991024494171143, 3.8707234859466553, 3.8870983123779297, 3.874480962753296, 3.8603601455688477, 3.8226075172424316, 3.833718776702881, 3.785269260406494, 3.8308844566345215, 3.8066725730895996, 3.810302972793579, 3.759936571121216, 3.706786870956421, 3.7973265647888184, 3.77769136428833, 3.7788069248199463, 3.7510581016540527, 3.759911060333252, 3.7720954418182373, 3.7184720039367676, 3.7359554767608643, 3.7363698482513428, 3.7725911140441895, 3.733006477355957, 3.7137463092803955, 3.684633731842041, 3.7225704193115234, 3.732927083969116], "val_loss": [4.3177289962768555, 3.55432391166687, 3.0357882976531982, 2.6415960788726807, 2.3484079837799072, 2.114809513092041, 1.9314937591552734, 1.7784953117370605, 1.657955527305603, 1.568587303161621, 1.4884090423583984, 1.4115954637527466, 1.3652057647705078, 1.310315728187561, 1.2704237699508667, 1.2427150011062622, 1.2095483541488647, 1.1797549724578857, 1.164078712463379, 1.1464124917984009, 1.1341971158981323, 1.1200971603393555, 1.102672815322876, 1.0921673774719238, 1.0902718305587769, 1.079867959022522, 1.079136610031128, 1.060246467590332, 1.0596810579299927, 1.057043433189392, 1.0515810251235962, 1.0507475137710571, 1.0449732542037964, 1.0404016971588135, 1.0448195934295654, 1.0395292043685913, 1.0316060781478882, 1.0335605144500732, 1.0391242504119873, 1.0361446142196655, 1.0394704341888428, 1.0361181497573853, 1.037200927734375, 1.04033362865448, 1.0403976440429688, 1.0352336168289185, 1.0397740602493286]}