{"loss": [7.3453874588012695, 6.495426654815674, 5.857787609100342, 5.432965278625488, 5.187668800354004, 4.927088737487793, 4.780426025390625, 4.6078572273254395, 4.520932197570801, 4.439020156860352, 4.390498638153076, 4.3230133056640625, 4.28720760345459, 4.170866012573242, 4.137572288513184, 4.146169185638428, 4.092197895050049, 4.077578067779541, 4.027561664581299, 4.010678291320801, 3.971890449523926, 4.014520645141602, 3.9678890705108643, 3.972872734069824, 3.9155962467193604, 3.9607291221618652, 3.9104487895965576, 3.922635316848755, 3.9373958110809326, 3.915245771408081, 3.8524720668792725, 3.8303236961364746, 3.8920750617980957, 3.8515536785125732, 3.8515408039093018, 3.818500518798828, 3.822331428527832, 3.858687162399292, 3.786640167236328, 3.81412410736084, 3.8470304012298584, 3.8755550384521484, 3.789024591445923, 3.843735456466675, 3.7626850605010986, 3.7988028526306152, 3.807677745819092, 3.8137407302856445, 3.7593634128570557, 3.840153455734253, 3.757678985595703, 3.8059635162353516, 3.7697038650512695, 3.8251428604125977, 3.750795602798462, 3.803741455078125, 3.8141260147094727, 3.825291633605957, 3.7791638374328613, 3.758134365081787], "val_loss": [4.809475898742676, 3.851198434829712, 3.251929521560669, 2.8412415981292725, 2.5822978019714355, 2.328782796859741, 2.172642707824707, 2.0143651962280273, 1.9059289693832397, 1.809037446975708, 1.7310558557510376, 1.6547915935516357, 1.602233648300171, 1.548296570777893, 1.5189229249954224, 1.4717485904693604, 1.4310333728790283, 1.4035149812698364, 1.3842647075653076, 1.3608568906784058, 1.339076280593872, 1.3254672288894653, 1.3056105375289917, 1.2945358753204346, 1.281772255897522, 1.2806553840637207, 1.2707459926605225, 1.2543160915374756, 1.2519749402999878, 1.2395113706588745, 1.2366505861282349, 1.228087067604065, 1.2243379354476929, 1.2287851572036743, 1.222121238708496, 1.2245944738388062, 1.2160001993179321, 1.2161734104156494, 1.2118641138076782, 1.2063993215560913, 1.206837773323059, 1.2203691005706787, 1.2085808515548706, 1.2078286409378052, 1.201245665550232, 1.202712893486023, 1.2024800777435303, 1.1983295679092407, 1.2035635709762573, 1.1942113637924194, 1.2004549503326416, 1.2088898420333862, 1.1983628273010254, 1.1997392177581787, 1.2085620164871216, 1.2016271352767944, 1.206191897392273, 1.2065743207931519, 1.1968812942504883, 1.2012028694152832]}