{"loss": [6.614829063415527, 5.2436652183532715, 4.610952377319336, 4.30830717086792, 4.1452789306640625, 4.02496862411499, 3.9939358234405518, 3.8771259784698486, 3.855588912963867, 3.8759241104125977, 3.8556172847747803, 3.823209762573242, 3.8259973526000977, 3.763439893722534, 3.7141339778900146, 3.747647285461426, 3.7857248783111572, 3.7693018913269043, 3.7787883281707764, 3.7530570030212402, 3.7380101680755615, 3.7710509300231934, 3.762131690979004, 3.7598540782928467, 3.727428436279297, 3.7486040592193604, 3.7058191299438477, 3.760312080383301], "val_loss": [3.2972161769866943, 2.2850544452667236, 1.792158603668213, 1.5150395631790161, 1.3524683713912964, 1.2406208515167236, 1.1729909181594849, 1.13190495967865, 1.0957386493682861, 1.0819069147109985, 1.0634713172912598, 1.0525054931640625, 1.0565102100372314, 1.0374951362609863, 1.0397487878799438, 1.0476921796798706, 1.0436257123947144, 1.0271334648132324, 1.051922082901001, 1.0427799224853516, 1.0411300659179688, 1.0453380346298218, 1.0407040119171143, 1.0558830499649048, 1.0536621809005737, 1.057509422302246, 1.0683048963546753, 1.0611183643341064]}