{"loss": [6.676107883453369, 5.3535051345825195, 4.696133613586426, 4.359816551208496, 4.187553882598877, 4.0515241622924805, 4.017152786254883, 3.903083562850952, 3.8673818111419678, 3.8863120079040527, 3.828334331512451, 3.795403480529785, 3.801481008529663, 3.741983413696289, 3.692678928375244, 3.7284188270568848, 3.7655587196350098, 3.7495574951171875, 3.75958514213562, 3.7331206798553467, 3.6873397827148438, 3.71405291557312, 3.710951805114746, 3.707794189453125, 3.679783582687378, 3.701115608215332, 3.6593010425567627, 3.7136220932006836, 3.6934280395507812, 3.705077648162842, 3.6592509746551514, 3.6100316047668457, 3.704975128173828], "val_loss": [3.4403438568115234, 2.3977749347686768, 1.878600835800171, 1.5644478797912598, 1.3870385885238647, 1.2614562511444092, 1.1891143321990967, 1.14131498336792, 1.103461742401123, 1.0842878818511963, 1.0297203063964844, 1.0229943990707397, 1.0234949588775635, 1.0132205486297607, 1.011505126953125, 1.0158402919769287, 1.009813904762268, 1.0028777122497559, 1.010987401008606, 1.0112446546554565, 0.9960580468177795, 0.9932122230529785, 0.9925330281257629, 0.9937298893928528, 0.9937766194343567, 0.99596107006073, 0.9973852634429932, 0.9948735237121582, 0.9971936345100403, 0.9983530044555664, 0.9982261061668396, 1.0005016326904297, 1.0005090236663818], "lr": [0.0010000000474974513, 0.0010000000474974513, 0.0010000000474974513, 0.0010000000474974513, 0.0010000000474974513, 0.0010000000474974513, 0.0010000000474974513, 0.0010000000474974513, 0.0010000000474974513, 0.0010000000474974513, 0.0005000000237487257, 0.0005000000237487257, 0.0005000000237487257, 0.0005000000237487257, 0.0005000000237487257, 0.0005000000237487257, 0.0005000000237487257, 0.0005000000237487257, 0.0005000000237487257, 0.0005000000237487257, 9.999999747378752e-05, 9.999999747378752e-05, 9.999999747378752e-05, 9.999999747378752e-05, 9.999999747378752e-05, 9.999999747378752e-05, 9.999999747378752e-05, 9.999999747378752e-05, 9.999999747378752e-05, 9.999999747378752e-05, 9.999999747378752e-05, 9.999999747378752e-05, 9.999999747378752e-05]}