{"loss": [6.82931661605835, 5.772071361541748, 5.129692554473877, 4.7562761306762695, 4.4848504066467285, 4.287786960601807, 4.2019524574279785, 4.0414652824401855, 3.9870545864105225, 3.98222017288208, 3.9161367416381836, 3.8754758834838867, 3.8738136291503906, 3.8083043098449707, 3.7532010078430176, 3.7838733196258545, 3.816218137741089, 3.795996904373169, 3.8024697303771973, 3.7717607021331787, 3.7281270027160645, 3.7546753883361816, 3.752065658569336, 3.749049663543701, 3.719879388809204, 3.740337610244751, 3.698415756225586, 3.7508559226989746, 3.731022596359253, 3.7425248622894287, 3.6954379081726074, 3.6458020210266113, 3.741044521331787, 3.726118803024292, 3.730663776397705, 3.70342755317688, 3.716897964477539, 3.7316579818725586, 3.6806375980377197, 3.6992886066436768, 3.7018401622772217, 3.7398526668548584, 3.700364828109741, 3.6849801540374756, 3.6563708782196045, 3.6961958408355713, 3.7062294483184814, 3.758319854736328, 3.6904640197753906, 3.725827932357788, 3.6627917289733887, 3.68941330909729, 3.704622745513916, 3.7202670574188232, 3.673671245574951, 3.6965513229370117, 3.763854742050171], "val_loss": [3.8856422901153564, 2.963618278503418, 2.37081241607666, 1.9822691679000854, 1.7119559049606323, 1.5207924842834473, 1.3883143663406372, 1.2936680316925049, 1.2255884408950806, 1.1768882274627686, 1.1156196594238281, 1.0952333211898804, 1.0850847959518433, 1.0672687292099, 1.057592749595642, 1.0538777112960815, 1.0404058694839478, 1.0313085317611694, 1.0300790071487427, 1.0293678045272827, 1.012028694152832, 1.0072039365768433, 1.0062313079833984, 1.0063258409500122, 1.004942774772644, 1.0047597885131836, 1.0049196481704712, 1.0032602548599243, 1.0024930238723755, 1.0037654638290405, 1.001977562904358, 1.0022647380828857, 1.0029100179672241, 1.0020755529403687, 1.0017976760864258, 1.001497745513916, 1.0019662380218506, 1.001736044883728, 1.000490665435791, 1.0008158683776855, 1.0002717971801758, 1.0011922121047974, 1.000205397605896, 1.0002286434173584, 1.0012634992599487, 1.0002572536468506, 1.00007164478302, 1.0002707242965698, 1.0003118515014648, 1.0007400512695312, 1.0010236501693726, 1.0017369985580444, 1.0019248723983765, 1.0045188665390015, 1.0040284395217896, 1.002583384513855, 1.0034281015396118], "lr": [0.0010000000474974513, 0.0010000000474974513, 0.0010000000474974513, 0.0010000000474974513, 0.0010000000474974513, 0.0010000000474974513, 0.0010000000474974513, 0.0010000000474974513, 0.0010000000474974513, 0.0010000000474974513, 0.0005000000237487257, 0.0005000000237487257, 0.0005000000237487257, 0.0005000000237487257, 0.0005000000237487257, 0.0005000000237487257, 0.0005000000237487257, 0.0005000000237487257, 0.0005000000237487257, 0.0005000000237487257, 9.999999747378752e-05, 9.999999747378752e-05, 9.999999747378752e-05, 9.999999747378752e-05, 9.999999747378752e-05, 9.999999747378752e-05, 9.999999747378752e-05, 9.999999747378752e-05, 9.999999747378752e-05, 9.999999747378752e-05, 9.999999747378752e-05, 9.999999747378752e-05, 9.999999747378752e-05, 9.999999747378752e-05, 9.999999747378752e-05, 9.999999747378752e-05, 9.999999747378752e-05, 9.999999747378752e-05, 9.999999747378752e-05, 9.999999747378752e-05, 9.999999747378752e-05, 9.999999747378752e-05, 9.999999747378752e-05, 9.999999747378752e-05, 9.999999747378752e-05, 9.999999747378752e-05, 9.999999747378752e-05, 9.999999747378752e-05, 9.999999747378752e-05, 9.999999747378752e-05, 9.999999747378752e-05, 9.999999747378752e-05, 9.999999747378752e-05, 9.999999747378752e-05, 9.999999747378752e-05, 9.999999747378752e-05, 9.999999747378752e-05]}