{"loss": [5.03879976272583, 4.032991886138916, 3.502969980239868, 3.1262078285217285, 2.8328771591186523, 2.584033250808716, 2.3678762912750244, 2.183769941329956, 2.0270419120788574, 1.890385389328003, 1.774182915687561, 1.6750823259353638, 1.5853089094161987, 1.5127240419387817, 1.4456884860992432, 1.3845106363296509, 1.3280709981918335, 1.2800174951553345, 1.233088731765747, 1.1939512491226196, 1.1581718921661377, 1.1235809326171875, 1.0946401357650757, 1.0671122074127197, 1.038129210472107, 1.0141164064407349, 0.9936861395835876, 0.9739929437637329, 0.9566189050674438, 0.9399174451828003, 0.9253893494606018, 0.9094257950782776, 0.897064208984375, 0.8845580220222473, 0.8730776906013489, 0.862677276134491, 0.8528491258621216, 0.8427086472511292, 0.836000382900238, 0.826443612575531, 0.8216834664344788, 0.8118762969970703, 0.8074349761009216, 0.8007200360298157, 0.7942580580711365, 0.7875862121582031, 0.7850961685180664, 0.7804582715034485, 0.775015652179718, 0.7701157927513123, 0.767225980758667, 0.7620705962181091, 0.7590247988700867, 0.7545196413993835, 0.7508838176727295, 0.7480365037918091, 0.7450315356254578, 0.7422680258750916, 0.7388557195663452, 0.7352332472801208, 0.7344849109649658, 0.7304490208625793, 0.7287917733192444, 0.7262839078903198, 0.7241021394729614, 0.7213675379753113], "val_loss": [4.395749092102051, 3.759699821472168, 3.340442657470703, 3.0281319618225098, 2.7802226543426514, 2.5542545318603516, 2.377838611602783, 2.2153825759887695, 2.082509994506836, 1.980582594871521, 1.878786563873291, 1.795723795890808, 1.7279545068740845, 1.6766188144683838, 1.6193463802337646, 1.5714441537857056, 1.531410813331604, 1.4810740947723389, 1.4555984735488892, 1.4308573007583618, 1.399072527885437, 1.372836709022522, 1.3554209470748901, 1.326208472251892, 1.3118549585342407, 1.2927672863006592, 1.2807166576385498, 1.2666332721710205, 1.251259446144104, 1.2417153120040894, 1.2328850030899048, 1.2240426540374756, 1.2065550088882446, 1.2027747631072998, 1.2029705047607422, 1.197792887687683, 1.177362322807312, 1.1793588399887085, 1.1909863948822021, 1.1771842241287231, 1.1801000833511353, 1.17787504196167, 1.171336054801941, 1.1611263751983643, 1.1648128032684326, 1.1727639436721802, 1.1628979444503784, 1.1663702726364136, 1.1589559316635132, 1.163496494293213, 1.1556499004364014, 1.1573796272277832, 1.1606138944625854, 1.1735680103302002, 1.1721127033233643, 1.1549370288848877, 1.167211651802063, 1.17324960231781, 1.1640501022338867, 1.1789546012878418, 1.1647011041641235, 1.1615711450576782, 1.1781643629074097, 1.1802419424057007, 1.1723111867904663, 1.1688759326934814]}