{"loss": [0.3694566488265991, 0.3543719947338104, 0.3374003469944, 0.32109588384628296, 0.30321407318115234, 0.28666335344314575, 0.2712894678115845, 0.25671911239624023, 0.24290919303894043, 0.2290974259376526, 0.21523483097553253, 0.20149394869804382, 0.18971554934978485, 0.17964063584804535, 0.1698528677225113, 0.15797343850135803, 0.14887532591819763, 0.13938970863819122, 0.13462457060813904, 0.1267586052417755, 0.1200665608048439, 0.11597917973995209, 0.10814374685287476, 0.10316085070371628, 0.10371370613574982, 0.09343482553958893, 0.08849656581878662, 0.08783793449401855, 0.08090643584728241, 0.07804173231124878, 0.07336805760860443, 0.07269782572984695, 0.0681988000869751, 0.06653954833745956, 0.0649106353521347, 0.06067591533064842, 0.058123622089624405, 0.05738373473286629, 0.058295268565416336, 0.054448116570711136, 0.052205294370651245, 0.0504307858645916, 0.04846418276429176], "accuracy": [0.09437306225299835, 0.1305937021970749, 0.1628267616033554, 0.22552059590816498, 0.2877713739871979, 0.33728399872779846, 0.37239697575569153, 0.40861764550209045, 0.4515950381755829, 0.48670801520347595, 0.5252547860145569, 0.5676783323287964, 0.6061143279075623, 0.6321444511413574, 0.6627159714698792, 0.7029242515563965, 0.7279574871063232, 0.7621843218803406, 0.7643996477127075, 0.794971227645874, 0.8111431002616882, 0.8177890777587891, 0.8481391072273254, 0.8657509684562683, 0.8465883731842041, 0.8916703462600708, 0.9066238403320312, 0.8932210803031921, 0.9256756901741028, 0.9288879036903381, 0.9443952441215515, 0.938524603843689, 0.9548072814941406, 0.9539211392402649, 0.9531457424163818, 0.9715330004692078, 0.9767390489578247, 0.9661054611206055, 0.9523704051971436, 0.9723083972930908, 0.9792866706848145, 0.9801728129386902, 0.9846034646034241], "f1_m": [0.0, 0.0, 0.0034540186170488596, 0.007522271480411291, 0.017579566687345505, 0.057647060602903366, 0.128550186753273, 0.1972232609987259, 0.25647178292274475, 0.33157864212989807, 0.4104378819465637, 0.4827733039855957, 0.5301902890205383, 0.579084575176239, 0.620976448059082, 0.6690438389778137, 0.7077423930168152, 0.7403926849365234, 0.745951235294342, 0.7812595367431641, 0.8004776239395142, 0.8117116093635559, 0.840220034122467, 0.8537102341651917, 0.8422715663909912, 0.8883245587348938, 0.9006657600402832, 0.8898305892944336, 0.9215368628501892, 0.92570561170578, 0.9408060908317566, 0.9363214373588562, 0.9501169919967651, 0.9488121271133423, 0.94902503490448, 0.9669327139854431, 0.9744479656219482, 0.9663931727409363, 0.9491968154907227, 0.9710190296173096, 0.9766948819160461, 0.977070152759552, 0.9827196598052979], "val_loss": [2.892219066619873, 2.7993555068969727, 2.708482265472412, 2.550017833709717, 2.3887672424316406, 2.329315185546875, 2.1661386489868164, 2.072450637817383, 1.9499627351760864, 1.7864294052124023, 1.7592633962631226, 1.598772406578064, 1.397173523902893, 1.327261209487915, 1.5478309392929077, 1.3065530061721802, 1.1320966482162476, 1.2172876596450806, 1.1868484020233154, 1.3123810291290283, 1.1900326013565063, 1.0923457145690918, 1.0907974243164062, 1.0913463830947876, 1.0768526792526245, 0.9445528984069824, 1.1105773448944092, 1.0573631525039673, 0.9309444427490234, 0.9241397976875305, 1.1026325225830078, 0.8984234929084778, 0.8884559869766235, 1.0298855304718018, 0.8918811678886414, 0.9325695633888245, 0.9773209691047668, 0.9748530387878418, 0.9933558702468872, 0.9044751524925232, 0.9081118702888489, 0.9759436249732971, 1.0258667469024658], "val_accuracy": [0.12099999934434891, 0.13199999928474426, 0.15733332931995392, 0.2683333456516266, 0.29899999499320984, 0.31200000643730164, 0.37599998712539673, 0.3959999978542328, 0.43700000643730164, 0.49033331871032715, 0.492000013589859, 0.5386666655540466, 0.5956666469573975, 0.6259999871253967, 0.5569999814033508, 0.6140000224113464, 0.6883333325386047, 0.6616666913032532, 0.6636666655540466, 0.6393333077430725, 0.6690000295639038, 0.6966666579246521, 0.703000009059906, 0.6980000138282776, 0.7083333134651184, 0.7446666955947876, 0.7039999961853027, 0.7183333039283752, 0.7523333430290222, 0.7663333415985107, 0.7163333296775818, 0.7760000228881836, 0.7723333239555359, 0.7443333268165588, 0.7773333191871643, 0.7609999775886536, 0.7546666860580444, 0.750333309173584, 0.7436666488647461, 0.7730000019073486, 0.7773333191871643, 0.7556666731834412, 0.7433333396911621], "val_f1_m": [0.0, 0.0, 0.023363884538412094, 0.019841114059090614, 0.057785775512456894, 0.13891395926475525, 0.17811554670333862, 0.2582882344722748, 0.2981790006160736, 0.3736822307109833, 0.4112009108066559, 0.4746839106082916, 0.5483574271202087, 0.5817626118659973, 0.5202881693840027, 0.6109899878501892, 0.6703656911849976, 0.6508866548538208, 0.6602651476860046, 0.6312042474746704, 0.6634160876274109, 0.6992797255516052, 0.7020200490951538, 0.7040449976921082, 0.7150509357452393, 0.7541320323944092, 0.7017034888267517, 0.7220396399497986, 0.7651416659355164, 0.7697664499282837, 0.7235749959945679, 0.7770931720733643, 0.7790538668632507, 0.7476151585578918, 0.7837082147598267, 0.7675379514694214, 0.7575982809066772, 0.7513555288314819, 0.7494816184043884, 0.7780921459197998, 0.7796692252159119, 0.7638537883758545, 0.7465277314186096]}