{"loss": [0.15082229673862457, 0.15059950947761536, 0.15042069554328918, 0.15019357204437256, 0.14980539679527283, 0.1491638720035553, 0.1480989158153534, 0.14623431861400604, 0.1429293006658554, 0.139105424284935, 0.1353425234556198, 0.13313475251197815, 0.13071240484714508, 0.12881222367286682, 0.12676790356636047, 0.12445797026157379, 0.12238267064094543, 0.11946947872638702, 0.11529434472322464, 0.11236083507537842, 0.10801399499177933, 0.103922538459301, 0.10025706142187119, 0.09732457250356674, 0.09392015635967255, 0.0894249677658081, 0.0878349095582962, 0.08344604074954987, 0.08271918445825577, 0.07960318773984909, 0.07750258594751358, 0.0760815292596817, 0.07367011904716492, 0.07019652426242828, 0.06875569373369217, 0.06649162620306015, 0.06515943259000778, 0.06354359537363052, 0.06101728603243828, 0.05979268252849579, 0.05763877555727959, 0.05767809972167015, 0.054774582386016846, 0.05318830534815788, 0.051195353269577026, 0.05090584233403206, 0.051466990262269974, 0.04863302782177925, 0.04664696753025055, 0.04604661464691162, 0.04564054310321808, 0.04519559442996979, 0.042463913559913635, 0.04348286613821983, 0.04119278863072395, 0.03912008926272392, 0.03887719660997391, 0.0398452989757061, 0.0394262932240963, 0.03637085109949112, 0.03522142395377159, 0.035254403948783875, 0.03534168377518654, 0.03380580618977547, 0.03412572667002678, 0.032792579382658005, 0.031229708343744278, 0.029764438048005104, 0.03135102242231369, 0.029790952801704407, 0.02934318594634533, 0.029793309047818184, 0.0274299755692482, 0.02797965705394745, 0.026023417711257935, 0.023791855201125145, 0.026336679235100746, 0.025130705907940865, 0.023657189682126045, 0.02359834685921669, 0.023361006751656532, 0.023718219250440598, 0.022966818884015083, 0.023563239723443985, 0.020673679187893867, 0.02077712118625641, 0.020428422838449478, 0.021240349858999252, 0.020766302943229675, 0.01889760047197342, 0.021560609340667725, 0.019011521711945534, 0.018594669178128242, 0.018699070438742638], "accuracy": [0.07930881530046463, 0.0969206914305687, 0.12106779217720032, 0.13823659718036652, 0.15385466814041138, 0.15130704641342163, 0.16005760431289673, 0.1695835143327713, 0.1867523193359375, 0.1974966824054718, 0.2227514386177063, 0.23903411626815796, 0.24789543449878693, 0.26262739300727844, 0.27270713448524475, 0.2913159132003784, 0.30704474449157715, 0.31435534358024597, 0.34271156787872314, 0.3610987961292267, 0.3809260129928589, 0.4014178216457367, 0.41814354062080383, 0.4366415739059448, 0.4489366412162781, 0.47762516140937805, 0.4899202585220337, 0.5122950673103333, 0.5062029361724854, 0.5283562541007996, 0.5406513214111328, 0.543641984462738, 0.5629153847694397, 0.5859547853469849, 0.590828537940979, 0.6061143279075623, 0.6137571930885315, 0.6258307695388794, 0.6402304172515869, 0.6479840278625488, 0.6619406342506409, 0.6579530239105225, 0.6744572520256042, 0.6890784502029419, 0.7018165588378906, 0.7004873752593994, 0.6976074576377869, 0.7136685848236084, 0.7341603636741638, 0.7286220788955688, 0.7295082211494446, 0.7323881387710571, 0.7485600113868713, 0.7385910749435425, 0.7578644156455994, 0.7711564302444458, 0.776362419128418, 0.7659503817558289, 0.7720425128936768, 0.7898759245872498, 0.791980504989624, 0.7954142689704895, 0.7912051677703857, 0.8022817969322205, 0.8042755722999573, 0.8104785084724426, 0.8178998827934265, 0.8284226655960083, 0.8172352910041809, 0.8262073397636414, 0.8324102759361267, 0.8265396356582642, 0.8414931297302246, 0.8367301821708679, 0.8515728712081909, 0.8623172640800476, 0.8484714031219482, 0.8593265414237976, 0.8682986497879028, 0.8638679385185242, 0.8623172640800476, 0.8669694066047668, 0.8694062829017639, 0.8629818558692932, 0.8774922490119934, 0.8813690543174744, 0.8843597769737244, 0.8788214325904846, 0.8823660016059875, 0.8905627131462097, 0.8792645335197449, 0.8908950090408325, 0.8963225483894348, 0.8931103348731995], "f1_m": [0.0, 0.0, 0.0, 0.0, 0.0, 0.0, 0.0, 0.0, 0.0, 0.0004333693941589445, 0.0038708746433258057, 0.006457958370447159, 0.0077421413734555244, 0.010734187439084053, 0.010535962879657745, 0.013279004022479057, 0.01592734269797802, 0.02556692436337471, 0.044390685856342316, 0.06336277723312378, 0.10314898937940598, 0.1482069343328476, 0.17865024507045746, 0.22121454775333405, 0.2621843218803406, 0.31199580430984497, 0.3417428135871887, 0.38172394037246704, 0.39431414008140564, 0.42099517583847046, 0.4476591944694519, 0.4566425681114197, 0.48195359110832214, 0.5142055749893188, 0.5267685651779175, 0.5435341596603394, 0.55570387840271, 0.5728709697723389, 0.5897401571273804, 0.6142733693122864, 0.6214857697486877, 0.6259797215461731, 0.643232524394989, 0.6567772626876831, 0.6750167608261108, 0.6784672141075134, 0.6680355668067932, 0.6930719017982483, 0.7097517251968384, 0.7065547704696655, 0.7110409736633301, 0.7162851691246033, 0.7385321855545044, 0.72622150182724, 0.7452688217163086, 0.7650541067123413, 0.7680870294570923, 0.7535789012908936, 0.7595218420028687, 0.7826817035675049, 0.7818011045455933, 0.7897594571113586, 0.786168098449707, 0.795918881893158, 0.7933421730995178, 0.8038846850395203, 0.8146393895149231, 0.8225954174995422, 0.8141338229179382, 0.8214759230613708, 0.8300726413726807, 0.8249766826629639, 0.8400763273239136, 0.833006739616394, 0.8515545725822449, 0.8588387370109558, 0.8442122340202332, 0.8547988533973694, 0.8659101128578186, 0.8647096753120422, 0.8621206283569336, 0.8660592436790466, 0.8654429912567139, 0.8620384335517883, 0.8785549402236938, 0.8783097863197327, 0.8851774334907532, 0.8796979784965515, 0.8814303874969482, 0.89030921459198, 0.8785889148712158, 0.8914757966995239, 0.8949388861656189, 0.8896941542625427], "val_loss": [2.7047533988952637, 2.701547384262085, 2.697874069213867, 2.692410707473755, 2.6830286979675293, 2.667064666748047, 2.640530824661255, 2.591904878616333, 2.5145957469940186, 2.431892156600952, 2.3981642723083496, 2.321537494659424, 2.2924864292144775, 2.252063035964966, 2.2161152362823486, 2.1734349727630615, 2.1592490673065186, 2.0638883113861084, 2.001283645629883, 1.9306970834732056, 1.901369571685791, 1.7613738775253296, 1.6786179542541504, 1.6229749917984009, 1.5672993659973145, 1.5118892192840576, 1.4681811332702637, 1.8726534843444824, 1.601439118385315, 1.3489311933517456, 1.4562218189239502, 1.3153918981552124, 1.27234947681427, 1.176235556602478, 1.6809555292129517, 1.2758631706237793, 1.253450632095337, 1.1105568408966064, 1.1759886741638184, 1.023789405822754, 1.3931149244308472, 1.0681297779083252, 0.9725896716117859, 0.8974331617355347, 0.8941280245780945, 1.0209888219833374, 0.999600887298584, 0.8631851673126221, 0.9262765049934387, 0.834526538848877, 1.2323689460754395, 0.7865065336227417, 0.9749948978424072, 0.8523457050323486, 0.766800045967102, 0.8248591423034668, 0.7121331095695496, 0.8233852386474609, 0.7428552508354187, 0.7231963872909546, 0.684920072555542, 0.78530353307724, 0.6772892475128174, 0.6696339845657349, 0.7280043959617615, 0.6342272758483887, 0.6580108404159546, 0.6353503465652466, 0.665830671787262, 0.6168546080589294, 0.6590456366539001, 0.7040616869926453, 0.6139668226242065, 0.6269080638885498, 0.658330500125885, 0.690109133720398, 0.623814582824707, 0.569240927696228, 0.6480167508125305, 0.6324464678764343, 0.6136490702629089, 0.6808497905731201, 0.6522924304008484, 0.5473806262016296, 0.6079679131507874, 0.5812621712684631, 0.5793179273605347, 0.6321491003036499, 0.5613034963607788, 0.5962784886360168, 0.5844948887825012, 0.5596871376037598, 0.6021319627761841, 0.6277432441711426],