{"loss": [0.15013913810253143, 0.1462046205997467, 0.13760681450366974, 0.12785674631595612, 0.11817935854196548, 0.10863517969846725, 0.09980878233909607, 0.0872676894068718, 0.07978667318820953, 0.0704086422920227, 0.06790702044963837, 0.05726424604654312, 0.05077487975358963, 0.04385523870587349, 0.03638936206698418, 0.03347974270582199, 0.027233410626649857, 0.025414088740944862, 0.02210279554128647, 0.01681460067629814, 0.01477612741291523, 0.012770742177963257, 0.010164910927414894, 0.007772121112793684, 0.006571881473064423, 0.005410943645983934, 0.004327801987528801, 0.003375675529241562, 0.0027360315434634686, 0.0019251907942816615, 0.0021603498607873917, 0.001542701618745923, 0.0016768958885222673], "accuracy": [0.10965883731842041, 0.1369073987007141, 0.20447497069835663, 0.2913159132003784, 0.3499113917350769, 0.40252548456192017, 0.4404076337814331, 0.5107443332672119, 0.548848032951355, 0.6035667061805725, 0.6095480918884277, 0.6804386377334595, 0.7075764536857605, 0.7495569586753845, 0.7884359955787659, 0.8062694072723389, 0.8443730473518372, 0.8520159721374512, 0.8705139756202698, 0.9009747505187988, 0.9155959486961365, 0.9276694655418396, 0.944838285446167, 0.9589056372642517, 0.9684315323829651, 0.9765174984931946, 0.982166588306427, 0.9878156781196594, 0.9888125658035278, 0.9951262474060059, 0.9929109215736389, 0.9957908987998962, 0.9950155019760132], "f1_m": [0.0, 0.0, 0.004501818213611841, 0.017081554979085922, 0.07584252953529358, 0.1616889387369156, 0.25435522198677063, 0.3820909559726715, 0.450601726770401, 0.5335481762886047, 0.551080584526062, 0.644512414932251, 0.6813880205154419, 0.7360723614692688, 0.7787489891052246, 0.800383985042572, 0.8406712412834167, 0.8479973673820496, 0.8708333373069763, 0.9012261629104614, 0.915008008480072, 0.9276334643363953, 0.9445448517799377, 0.9591613411903381, 0.9676034450531006, 0.9765146970748901, 0.9818385243415833, 0.9871503710746765, 0.9883654117584229, 0.9946411848068237, 0.9926580786705017, 0.9958637952804565, 0.9952555894851685], "val_loss": [2.673968553543091, 2.560978651046753, 2.388176918029785, 2.2287065982818604, 2.056046724319458, 1.9835388660430908, 1.6977497339248657, 1.5539814233779907, 1.4321272373199463, 1.5308547019958496, 1.3148664236068726, 1.2897204160690308, 1.049725890159607, 1.015075445175171, 1.0565247535705566, 0.9941992163658142, 0.8720429539680481, 0.9285262227058411, 0.8814265131950378, 0.929802656173706, 0.9457128047943115, 0.9229540228843689, 0.8485597372055054, 0.8939181566238403, 0.9343304634094238, 0.9102941155433655, 0.9318583011627197, 1.0080357789993286, 0.9778146147727966, 0.9594452977180481, 1.02061128616333, 0.9811809062957764, 1.1992993354797363], "val_accuracy": [0.10700000077486038, 0.15566666424274445, 0.25733333826065063, 0.31333333253860474, 0.3566666543483734, 0.3863333463668823, 0.484333336353302, 0.5149999856948853, 0.5509999990463257, 0.5249999761581421, 0.5920000076293945, 0.6046666502952576, 0.675000011920929, 0.6743333339691162, 0.6786666512489319, 0.6933333277702332, 0.7369999885559082, 0.7283333539962769, 0.7360000014305115, 0.7369999885559082, 0.737666666507721, 0.746999979019165, 0.7766666412353516, 0.7603333592414856, 0.7583333253860474, 0.7796666622161865, 0.7710000276565552, 0.7583333253860474, 0.7639999985694885, 0.7839999794960022, 0.7726666927337646, 0.7863333225250244, 0.7536666393280029], "val_f1_m": [0.0, 0.0013093288289383054, 0.01433697808533907, 0.05668339505791664, 0.11619298160076141, 0.21026836335659027, 0.32505130767822266, 0.4163009822368622, 0.4723224937915802, 0.4841793179512024, 0.5597727298736572, 0.5782172679901123, 0.6606366038322449, 0.6626967787742615, 0.6762165427207947, 0.6880108714103699, 0.7375040054321289, 0.726739764213562, 0.7415068745613098, 0.7399069666862488, 0.7399527430534363, 0.7509626746177673, 0.7809112071990967, 0.7691242098808289, 0.7620612382888794, 0.779401957988739, 0.7762507796287537, 0.7614259719848633, 0.7707696557044983, 0.7898287773132324, 0.7766254544258118, 0.7894369959831238, 0.7558304667472839]}