{"loss": [0.15041303634643555, 0.14840564131736755, 0.14311832189559937, 0.13761359453201294, 0.1305617243051529, 0.12444119155406952, 0.116507388651371, 0.1089542955160141, 0.0995057225227356, 0.09122249484062195, 0.08434632420539856, 0.0779486671090126, 0.07278399169445038, 0.06602049618959427, 0.0659247413277626, 0.056690946221351624, 0.055696386843919754, 0.05127444118261337, 0.04803243279457092, 0.04573119431734085, 0.04390816017985344, 0.03766680881381035, 0.03581872209906578, 0.03473784774541855, 0.03171508386731148, 0.029141684994101524, 0.02983172982931137, 0.0257467869669199, 0.02435947395861149, 0.023228120058774948, 0.022473933175206184, 0.021431060507893562, 0.0251159705221653, 0.020007656887173653, 0.017367905005812645, 0.017200196161866188, 0.017435846850275993, 0.014831389300525188, 0.013895412907004356, 0.015032400377094746, 0.013961870223283768, 0.012723558582365513, 0.012580313719809055, 0.012101426720619202, 0.011352050118148327, 0.013220325112342834, 0.011442381888628006, 0.00971064530313015, 0.009600118733942509, 0.008525196462869644, 0.008470372296869755, 0.008290058933198452, 0.009259413927793503, 0.006858312990516424, 0.007391059771180153], "accuracy": [0.10024368762969971, 0.12627381086349487, 0.15418697893619537, 0.20868408679962158, 0.2806823253631592, 0.30970314145088196, 0.35013291239738464, 0.3769384026527405, 0.43221089243888855, 0.47496676445007324, 0.5078644156455994, 0.5543863773345947, 0.5828533172607422, 0.6206247210502625, 0.6313690543174744, 0.6804386377334595, 0.6807709336280823, 0.7134470343589783, 0.7288435697555542, 0.7375941276550293, 0.7559813857078552, 0.792534351348877, 0.7996233701705933, 0.8077093362808228, 0.8299733996391296, 0.839167058467865, 0.8402746915817261, 0.8632033467292786, 0.8719539046287537, 0.8761630654335022, 0.881147563457489, 0.8872396945953369, 0.8678555488586426, 0.8910057544708252, 0.9088391661643982, 0.907509982585907, 0.9136021137237549, 0.923128068447113, 0.9324324131011963, 0.9215773344039917, 0.9303278923034668, 0.934980034828186, 0.9344262480735779, 0.9412937760353088, 0.9436198472976685, 0.9325432181358337, 0.9428445100784302, 0.951705813407898, 0.9503766298294067, 0.955804169178009, 0.9562472105026245, 0.957465648651123, 0.9546964764595032, 0.9663270115852356, 0.9633362889289856], "f1_m": [0.0, 0.0, 0.0, 0.0021602807100862265, 0.010892759077250957, 0.03164181113243103, 0.07784288376569748, 0.14930903911590576, 0.24442702531814575, 0.3230469524860382, 0.4080275893211365, 0.4646866023540497, 0.5198169946670532, 0.5715487003326416, 0.5842089056968689, 0.6486989259719849, 0.656488299369812, 0.6940120458602905, 0.7119828462600708, 0.7229306697845459, 0.7488288879394531, 0.7872200012207031, 0.795579195022583, 0.8042866587638855, 0.8243270516395569, 0.8354108929634094, 0.8398288488388062, 0.8612375855445862, 0.8711740970611572, 0.8718160390853882, 0.8801069259643555, 0.88363116979599, 0.8649612069129944, 0.8919630646705627, 0.9100763201713562, 0.9086853861808777, 0.9135857224464417, 0.9242371916770935, 0.9295967221260071, 0.9212223887443542, 0.9322762489318848, 0.9375534057617188, 0.9366721510887146, 0.9429622292518616, 0.9457770586013794, 0.9339749813079834, 0.9437248110771179, 0.9529939293861389, 0.9522571563720703, 0.9559213519096375, 0.9572331309318542, 0.9591491222381592, 0.9554877281188965, 0.9676011800765991, 0.9641002416610718], "val_loss": [2.689385175704956, 2.620852470397949, 2.5044901371002197, 2.392540454864502, 2.2512025833129883, 2.1014208793640137, 2.0123305320739746, 1.802422046661377, 1.6713693141937256, 1.5202902555465698, 1.4304211139678955, 1.4116020202636719, 1.2663301229476929, 1.0937347412109375, 1.2161622047424316, 1.0604583024978638, 1.17753267288208, 1.2015222311019897, 0.9157928228378296, 0.8653998970985413, 0.8004897236824036, 0.8372528553009033, 0.8612213730812073, 0.7286478877067566, 0.756637454032898, 1.0943248271942139, 0.7091547846794128, 0.7284822463989258, 0.6763688325881958, 0.7543397545814514, 0.6404901146888733, 0.6881635189056396, 0.6519364714622498, 0.7155089378356934, 0.6304361820220947, 0.626288115978241, 0.634411633014679, 0.6646787524223328, 0.6273381114006042, 0.6279321312904358, 0.6270495057106018, 0.6089887619018555, 0.603044331073761, 0.613429605960846, 0.5908660292625427, 0.6309084296226501, 0.6017450094223022, 0.5916209816932678, 0.6007227897644043, 0.644364058971405, 0.6209406852722168, 0.6026785969734192, 0.606454610824585, 0.7177181243896484, 0.6570154428482056], "val_accuracy": [0.10499999672174454, 0.1106666699051857, 0.19233334064483643, 0.23000000417232513, 0.29866665601730347, 0.328000009059906, 0.35366666316986084, 0.4156666696071625, 0.46433332562446594, 0.5193333625793457, 0.550000011920929, 0.5509999990463257, 0.5933333039283752, 0.6513333320617676, 0.6163333058357239, 0.6639999747276306, 0.6269999742507935, 0.6106666922569275, 0.7106666564941406, 0.734333336353302, 0.7553333044052124, 0.7453333139419556, 0.7289999723434448, 0.7793333530426025, 0.7706666588783264, 0.6679999828338623, 0.7829999923706055, 0.7823333144187927, 0.7953333258628845, 0.7739999890327454, 0.812666654586792, 0.7950000166893005, 0.7996666431427002, 0.784333348274231, 0.8163333535194397, 0.8109999895095825, 0.8100000023841858, 0.8013333082199097, 0.8203333616256714, 0.8199999928474426, 0.8216666579246521, 0.8306666612625122, 0.8243333101272583, 0.8289999961853027, 0.8353333473205566, 0.8216666579246521, 0.8303333520889282, 0.8383333086967468, 0.8333333134651184, 0.8246666789054871, 0.8243333101272583, 0.8420000076293945, 0.8333333134651184, 0.8069999814033508, 0.8240000009536743], "val_f1_m": [0.0, 0.0, 0.0, 0.014104808680713177, 0.05960875377058983, 0.09008853137493134, 0.16198872029781342, 0.26628947257995605, 0.32404932379722595, 0.4070162773132324, 0.44677501916885376, 0.48972031474113464, 0.5450469255447388, 0.6162474155426025, 0.5644641518592834, 0.6473866105079651, 0.6024772524833679, 0.6080858111381531, 0.693614661693573, 0.7225860357284546, 0.748967707157135, 0.7322246432304382, 0.7268791198730469, 0.7688695788383484, 0.7685805559158325, 0.6647002696990967, 0.7796871662139893, 0.781385600566864, 0.7905706763267517, 0.7761356830596924, 0.8152766227722168, 0.7967631816864014, 0.8110167980194092, 0.7835807800292969, 0.8172096610069275, 0.8169451951980591, 0.8081512451171875, 0.8066214919090271, 0.8219047784805298, 0.8208275437355042, 0.8229949474334717, 0.8296614289283752, 0.8304791450500488, 0.8276352286338806, 0.8369824886322021, 0.8251372575759888, 0.8327593803405762, 0.8411870002746582, 0.8373613357543945, 0.8256950974464417, 0.826640784740448, 0.846413254737854, 0.8398219347000122, 0.8122770190238953, 0.8264904618263245]}