{"loss": [0.4668574929237366, 0.3965732157230377, 0.35178136825561523, 0.33062905073165894, 0.303309828042984, 0.2823818325996399, 0.2655041813850403, 0.24959571659564972, 0.240967258810997, 0.2238697111606598, 0.21013633906841278, 0.1997571885585785, 0.18828120827674866, 0.17759479582309723, 0.168350949883461, 0.15929873287677765, 0.1631472408771515, 0.1472717821598053, 0.13598580658435822, 0.13087785243988037, 0.12162996083498001, 0.11501304805278778, 0.10955949127674103, 0.10319224745035172, 0.09819656610488892, 0.09283114969730377, 0.08771179616451263, 0.08290883898735046, 0.0786982923746109, 0.07471749186515808, 0.07062756270170212, 0.06683219224214554, 0.0676417127251625, 0.06052190065383911, 0.05768350884318352, 0.05465118587017059, 0.05156565085053444, 0.04954879358410835, 0.046660006046295166, 0.04465106129646301, 0.04216127470135689, 0.03987810015678406, 0.037973370403051376, 0.0475916713476181, 0.03547360375523567, 0.033447254449129105, 0.03217362239956856, 0.03006911650300026, 0.02882120944559574, 0.027508657425642014, 0.02599930576980114, 0.02965724840760231, 0.023911697790026665, 0.022768063470721245, 0.021548466756939888, 0.02093515358865261, 0.0196855366230011, 0.01869424805045128, 0.017872875556349754, 0.017740415409207344, 0.016647616401314735, 0.015854567289352417, 0.024397512897849083, 0.01628953032195568, 0.014462945982813835, 0.014302623458206654, 0.013897361233830452, 0.012588865123689175], "accuracy": [0.3794860541820526, 0.6915152668952942, 0.8411608338356018, 0.8636464476585388, 0.9288879036903381, 0.9613425135612488, 0.9743021726608276, 0.9857110977172852, 0.9602348208427429, 0.9854896068572998, 0.9962339401245117, 0.9893664121627808, 0.9954586029052734, 0.9978954195976257, 0.9967877864837646, 0.9971200823783875, 0.9373061656951904, 0.9770713448524475, 0.9968985319137573, 0.9883695244789124, 0.9981169700622559, 0.9986708164215088, 0.9951262474060059, 0.9990031123161316, 0.9960123896598816, 0.998338520526886, 0.9991138577461243, 0.9996677041053772, 0.9990031123161316, 0.9981169700622559, 0.9997784495353699, 0.9997784495353699, 0.9816127419471741, 0.9994461536407471, 0.998338520526886, 0.9991138577461243, 0.9997784495353699, 0.9980062246322632, 0.9994461536407471, 0.9980062246322632, 0.9992246627807617, 1.0, 0.9996677041053772, 0.957465648651123, 0.998338520526886, 0.9986708164215088, 0.99700927734375, 0.9995569586753845, 0.9990031123161316, 0.9985600113868713, 0.9996677041053772, 0.977514386177063, 0.9994461536407471, 0.9991138577461243, 0.9997784495353699, 0.9991138577461243, 1.0, 1.0, 0.9996677041053772, 0.9978954195976257, 0.9990031123161316, 0.9994461536407471, 0.9744129180908203, 0.9943509101867676, 0.9992246627807617, 0.9971200823783875, 0.9971200823783875, 0.9996677041053772], "f1_m": [0.22787795960903168, 0.6550407409667969, 0.8300662636756897, 0.8607367277145386, 0.9252692461013794, 0.9592560529708862, 0.9741374254226685, 0.9800412058830261, 0.9589377641677856, 0.9849382638931274, 0.9928836226463318, 0.9889258742332458, 0.9954685568809509, 0.9978470206260681, 0.9957935214042664, 0.9941686987876892, 0.9307078123092651, 0.9752472639083862, 0.9968505501747131, 0.9882584810256958, 0.9980679154396057, 0.9974483251571655, 0.9939106702804565, 0.9959864020347595, 0.9948568344116211, 0.9980106353759766, 0.9989499449729919, 0.9996127486228943, 0.9970230460166931, 0.997789740562439, 0.9997245073318481, 0.9981285333633423, 0.9808605313301086, 0.9986067414283752, 0.9978470206260681, 0.9990608096122742, 0.9986067414283752, 0.9976745247840881, 0.9972107410430908, 0.9977878928184509, 0.9991145730018616, 0.9999445676803589, 0.9947183132171631, 0.9560580253601074, 0.9981207847595215, 0.9985652565956116, 0.9969103932380676, 0.9993371963500977, 0.9986181259155273, 0.9985669851303101, 0.9979084730148315, 0.9785506725311279, 0.9993371963500977, 0.999172568321228, 0.9988276362419128, 0.9990053772926331, 1.0, 0.999889075756073, 0.998073935508728, 0.9968885183334351, 0.9991717338562012, 0.9977984428405762, 0.9694108366966248, 0.9943456649780273, 0.998277485370636, 0.9963305592536926, 0.9971894025802612, 0.9967617988586426], "val_loss": [3.055162191390991, 2.0016908645629883, 1.533847451210022, 1.2625912427902222, 0.9722132682800293, 0.5642549991607666, 0.4851383566856384, 0.7654383778572083, 0.6491876244544983, 0.484803169965744, 0.38626980781555176, 0.3933301568031311, 0.33608177304267883, 0.31020745635032654, 0.2969624400138855, 0.6285834908485413, 0.517490565776825, 0.28174978494644165, 0.3471238911151886, 0.28525638580322266, 0.25603732466697693, 0.2733282744884491, 0.2129349708557129, 0.23987933993339539, 0.2139214724302292, 0.2078487128019333, 0.1875702142715454, 0.18056949973106384, 0.1878039389848709, 0.17004169523715973, 0.16447900235652924, 0.2877556085586548, 0.18854883313179016, 0.17766959965229034, 0.19585230946540833, 0.1695782095193863, 0.16715140640735626, 0.1472080945968628, 0.14889408648014069, 0.14354881644248962, 0.1385016292333603, 0.13656415045261383, 0.7156485915184021, 0.2557113468647003, 0.14225687086582184, 0.13723203539848328, 0.13766199350357056, 0.12820874154567719, 0.14141790568828583, 0.12170463800430298, 0.196277916431427, 0.12713336944580078, 0.1167353093624115, 0.11146499961614609, 0.11672806739807129, 0.10202240943908691, 0.10497400909662247, 0.09646642953157425, 0.1026800125837326, 0.13451699912548065, 0.09692254662513733, 0.42349669337272644, 0.1808655560016632, 0.12074660509824753, 0.10597869753837585, 0.11277230829000473, 0.0991988331079483, 0.14471618831157684], "val_accuracy": [0.11933333426713943, 0.43799999356269836, 0.612333357334137, 0.7279999852180481, 0.7706666588783264, 0.9049999713897705, 0.9273333549499512, 0.8256666660308838, 0.8690000176429749, 0.921999990940094, 0.9476666450500488, 0.9416666626930237, 0.9539999961853027, 0.9610000252723694, 0.9629999995231628, 0.846666693687439, 0.8816666603088379, 0.9576666951179504, 0.9306666851043701, 0.9526666402816772, 0.9610000252723694, 0.95333331823349, 0.968666672706604, 0.9596666693687439, 0.9649999737739563, 0.9646666646003723, 0.968666672706604, 0.971666693687439, 0.9693333506584167, 0.971666693687439, 0.9736666679382324, 0.9340000152587891, 0.9643333554267883, 0.968666672706604, 0.9616666436195374, 0.9663333296775818, 0.968666672706604, 0.971666693687439, 0.9713333249092102, 0.9710000157356262, 0.9700000286102295, 0.9710000157356262, 0.8090000152587891, 0.937333345413208, 0.9696666598320007, 0.9696666598320007, 0.9696666598320007, 0.9739999771118164, 0.9639999866485596, 0.9736666679382324, 0.9473333358764648, 0.9723333120346069, 0.9739999771118164, 0.9746666550636292, 0.971666693687439, 0.9773333072662354, 0.9776666760444641, 0.9789999723434448, 0.9779999852180481, 0.9649999737739563, 0.9779999852180481, 0.8776666522026062, 0.9509999752044678, 0.9736666679382324, 0.9743333458900452, 0.9706666469573975, 0.9739999771118164, 0.9603333473205566],