{"loss": [0.40831640362739563, 0.3812307119369507, 0.3607284426689148, 0.3409760296344757, 0.32329896092414856, 0.3107891082763672, 0.2919650673866272, 0.29900556802749634, 0.2792777419090271, 0.26313868165016174, 0.25270044803619385, 0.24148590862751007, 0.228628009557724, 0.21973852813243866, 0.20878726243972778, 0.19776183366775513, 0.19171591103076935, 0.18636012077331543, 0.17842327058315277, 0.16783137619495392, 0.1739199161529541, 0.16198763251304626, 0.15355153381824493, 0.15037298202514648, 0.14064529538154602, 0.13599736988544464, 0.13078153133392334, 0.12833639979362488, 0.11746294051408768, 0.1130886971950531, 0.11071683466434479, 0.10528624802827835, 0.10019300132989883, 0.12250865995883942, 0.16281965374946594, 0.14025261998176575, 0.1343131959438324, 0.12258831411600113, 0.11450029164552689, 0.10872716456651688, 0.10440658032894135, 0.11921311169862747, 0.10264232009649277], "accuracy": [0.08362871408462524, 0.13646432757377625, 0.17279574275016785, 0.21156401932239532, 0.23881258070468903, 0.25, 0.296521931886673, 0.20104120671749115, 0.2600797414779663, 0.30903854966163635, 0.320669025182724, 0.34204697608947754, 0.3791537582874298, 0.39377492666244507, 0.4174789488315582, 0.4501550793647766, 0.449490487575531, 0.4521488845348358, 0.4717545509338379, 0.5067567825317383, 0.44904741644859314, 0.49379706382751465, 0.5196056962013245, 0.5141780972480774, 0.553500235080719, 0.5584847331047058, 0.5688967704772949, 0.5725520849227905, 0.6112095713615417, 0.6219539046287537, 0.6238369345664978, 0.6339166760444641, 0.6609437465667725, 0.5251439809799194, 0.28954362869262695, 0.3927780091762543, 0.41105449199676514, 0.46654850244522095, 0.5050952434539795, 0.5322330594062805, 0.5444173812866211, 0.4443952143192291, 0.5378821492195129], "f1_m": [0.0031907958909869194, 0.005566020030528307, 0.020296040922403336, 0.04132738336920738, 0.06666623055934906, 0.07124346494674683, 0.1235378161072731, 0.020311912521719933, 0.06330913305282593, 0.1158161461353302, 0.14704246819019318, 0.18439723551273346, 0.2514522969722748, 0.2739979326725006, 0.3156924545764923, 0.36149120330810547, 0.36359351873397827, 0.36756303906440735, 0.3944045305252075, 0.4409911036491394, 0.3552339971065521, 0.4184645414352417, 0.44908449053764343, 0.4487564265727997, 0.4970715045928955, 0.505515992641449, 0.5129320621490479, 0.5153455138206482, 0.5767205953598022, 0.5881385207176208, 0.5909950137138367, 0.6089381575584412, 0.626515805721283, 0.4757747948169708, 0.1005609855055809, 0.24952436983585358, 0.2844341993331909, 0.3785034418106079, 0.4277322292327881, 0.4635334312915802, 0.4889149069786072, 0.36324039101600647, 0.47873440384864807], "val_loss": [2.965364694595337, 2.9134771823883057, 2.614633560180664, 2.456223726272583, 2.3426246643066406, 2.2506113052368164, 2.4821019172668457, 2.561027765274048, 2.2076778411865234, 2.0837159156799316, 2.0380823612213135, 1.9614778757095337, 1.8474124670028687, 1.8096020221710205, 1.7767695188522339, 1.7149337530136108, 1.7532291412353516, 1.6066516637802124, 1.551838994026184, 1.5317609310150146, 1.6463559865951538, 1.542791485786438, 1.4552842378616333, 1.4584676027297974, 1.4751675128936768, 1.4116730690002441, 1.4371718168258667, 1.3174121379852295, 1.2979763746261597, 1.2754924297332764, 1.2756859064102173, 1.294618844985962, 1.243304967880249, 1.7896769046783447, 2.113568067550659, 1.803876519203186, 1.6605018377304077, 1.5140279531478882, 1.4529935121536255, 1.4347490072250366, 1.4611090421676636, 1.5653009414672852, 1.3226368427276611], "val_accuracy": [0.10333333164453506, 0.11866666376590729, 0.20466665923595428, 0.2566666603088379, 0.28700000047683716, 0.33799999952316284, 0.2709999978542328, 0.20999999344348907, 0.3213333189487457, 0.3583333194255829, 0.37400001287460327, 0.4126666784286499, 0.45366665720939636, 0.4573333263397217, 0.4663333296775818, 0.4936666786670685, 0.4793333411216736, 0.5109999775886536, 0.5346666574478149, 0.5303333401679993, 0.5009999871253967, 0.5316666960716248, 0.5523333549499512, 0.5550000071525574, 0.5529999732971191, 0.5703333616256714, 0.5756666660308838, 0.6073333621025085, 0.5976666808128357, 0.621999979019165, 0.6156666874885559, 0.6190000176429749, 0.6336666941642761, 0.4753333330154419, 0.32766667008399963, 0.4286666810512543, 0.47733333706855774, 0.5256666541099548, 0.5419999957084656, 0.5546666383743286, 0.5546666383743286, 0.5073333382606506, 0.5903333425521851], "val_f1_m": [0.0, 0.012321343645453453, 0.014078032225370407, 0.05981360748410225, 0.08128638565540314, 0.10764648765325546, 0.12895439565181732, 0.044365137815475464, 0.08896274864673615, 0.19435948133468628, 0.2441897690296173, 0.2510659098625183, 0.32875099778175354, 0.395050972700119, 0.39866742491722107, 0.4337998330593109, 0.4364279806613922, 0.4681369662284851, 0.47631922364234924, 0.48703375458717346, 0.4376547336578369, 0.4807837903499603, 0.5167370438575745, 0.5134075880050659, 0.5359148383140564, 0.5486581921577454, 0.549820065498352, 0.5632623434066772, 0.5926151871681213, 0.6100279688835144, 0.6104738116264343, 0.6088494658470154, 0.6190956234931946, 0.44782862067222595, 0.16083785891532898, 0.3028351068496704, 0.36997130513191223, 0.44803088903427124, 0.48786836862564087, 0.5103291273117065, 0.5160083174705505, 0.4577207863330841, 0.5556501150131226]}