{"loss": [0.47610872983932495, 0.44580692052841187, 0.4217996895313263, 0.3962050974369049, 0.371432900428772, 0.34785351157188416, 0.32449403405189514, 0.3015342354774475, 0.2809012532234192, 0.2630285322666168, 0.24488787353038788, 0.226714089512825, 0.21255189180374146, 0.2018485963344574, 0.18649236857891083, 0.17473505437374115, 0.16459278762340546, 0.15749020874500275, 0.14590157568454742, 0.1413392275571823, 0.14948663115501404, 0.12555256485939026, 0.13307921588420868, 0.11278738081455231, 0.11944402754306793, 0.10086879879236221, 0.09563877433538437, 0.09004367887973785, 0.08356890827417374, 0.08601704239845276, 0.08042057603597641, 0.07229596376419067, 0.06592293083667755, 0.06295165419578552, 0.05885174497961998, 0.06084247678518295, 0.056746117770671844, 0.050574950873851776, 0.04836193844676018, 0.060453373938798904, 0.04746502637863159, 0.04795710742473602, 0.040799226611852646, 0.03805949166417122, 0.036630891263484955, 0.0384705513715744, 0.037515319883823395, 0.03375186771154404, 0.037503812462091446, 0.030305124819278717, 0.03050871193408966, 0.027890434488654137, 0.025431685149669647, 0.024504249915480614, 0.03268294036388397, 0.024269385263323784, 0.029157182201743126, 0.024833103641867638, 0.022108836099505424, 0.029237931594252586, 0.020184585824608803, 0.02153879776597023, 0.019828379154205322], "accuracy": [0.10035445541143417, 0.16614975035190582, 0.21610544621944427, 0.28622063994407654, 0.34370845556259155, 0.39787328243255615, 0.4612317383289337, 0.5173903703689575, 0.5754320025444031, 0.6163048148155212, 0.6526362299919128, 0.7020381093025208, 0.7278466820716858, 0.7501107454299927, 0.7822330594062805, 0.812029242515564, 0.8201152086257935, 0.8238812685012817, 0.8533451557159424, 0.8441515564918518, 0.7659503817558289, 0.8720647096633911, 0.8029463887214661, 0.8897873163223267, 0.8257642984390259, 0.9079530239105225, 0.9119406342506409, 0.92235267162323, 0.9405183792114258, 0.9018608927726746, 0.9178112745285034, 0.9472751617431641, 0.9676561951637268, 0.9645547270774841, 0.9776251912117004, 0.9459459185600281, 0.9566903114318848, 0.9822773337364197, 0.9819450378417969, 0.9027470350265503, 0.95968097448349, 0.9469428658485413, 0.9788435697555542, 0.9878156781196594, 0.987372636795044, 0.9651085734367371, 0.9601240754127502, 0.9768497943878174, 0.9441736936569214, 0.9810589551925659, 0.9733052849769592, 0.9832742810249329, 0.990695595741272, 0.9899202585220337, 0.9344262480735779, 0.9803943037986755, 0.9457244277000427, 0.9693176746368408, 0.9819450378417969, 0.9329862594604492, 0.9827204346656799, 0.9718652963638306, 0.9777359366416931], "f1_m": [0.011463646776974201, 0.024207569658756256, 0.04238192364573479, 0.08556102961301804, 0.13250033557415009, 0.22363032400608063, 0.31818118691444397, 0.42224761843681335, 0.5037962794303894, 0.5627521872520447, 0.6262843012809753, 0.68247389793396, 0.710826575756073, 0.7274609804153442, 0.7703342437744141, 0.8009099960327148, 0.8121248483657837, 0.8169187903404236, 0.8494779467582703, 0.8348032832145691, 0.7557751536369324, 0.8679555058479309, 0.7957428693771362, 0.8827000260353088, 0.8237521052360535, 0.9017026424407959, 0.9056196808815002, 0.9190416932106018, 0.9347586035728455, 0.8961906433105469, 0.9136765003204346, 0.9467104077339172, 0.9656864404678345, 0.9658060073852539, 0.9732133150100708, 0.9432368874549866, 0.9569582939147949, 0.9797665476799011, 0.9792738556861877, 0.8968448638916016, 0.9567082524299622, 0.9453747272491455, 0.9782194495201111, 0.9834965467453003, 0.9844680428504944, 0.9576406478881836, 0.9556620717048645, 0.9733977913856506, 0.9429693222045898, 0.9783104658126831, 0.9705358147621155, 0.9822469353675842, 0.9892668128013611, 0.986678957939148, 0.9324497580528259, 0.976948618888855, 0.9421583414077759, 0.9654918313026428, 0.9765477776527405, 0.9302218556404114, 0.9813734292984009, 0.9658567309379578, 0.9744586944580078], "val_loss": [2.951350688934326, 2.904395580291748, 2.5723519325256348, 2.315070152282715, 2.174400806427002, 2.0051398277282715, 1.841567873954773, 1.6841291189193726, 1.5543347597122192, 1.5529340505599976, 1.3852876424789429, 1.2618486881256104, 1.2249343395233154, 1.2489128112792969, 1.1240720748901367, 1.1325829029083252, 1.2012196779251099, 1.1194697618484497, 1.3270342350006104, 1.0551215410232544, 1.0417383909225464, 1.0564794540405273, 1.0203630924224854, 0.9573267698287964, 0.9152838587760925, 0.8851526975631714, 0.8320775628089905, 0.7955954670906067, 0.8558692336082458, 0.9075737595558167, 0.8035917282104492, 0.8017157912254333, 0.8255946636199951, 0.7837985754013062, 0.847480297088623, 0.8413065075874329, 0.7987564206123352, 0.8143585324287415, 0.859017550945282, 0.8142776489257812, 0.7993010878562927, 0.7331554293632507, 0.7211891412734985, 0.7312694787979126, 0.7811834216117859, 0.7767732739448547, 0.7496914863586426, 0.7208652496337891, 0.7579514980316162, 0.6990540623664856, 0.7451443076133728, 0.6883259415626526, 0.6565037965774536, 0.7146298289299011, 0.7435173988342285, 0.7418803572654724, 0.781064510345459, 0.7946783304214478, 0.8003358840942383, 0.7061779499053955, 0.7141897082328796, 0.7111349105834961, 0.6688772439956665], "val_accuracy": [0.08933333307504654, 0.14733333885669708, 0.2683333456516266, 0.3486666679382324, 0.3973333239555359, 0.4346666634082794, 0.4833333194255829, 0.5350000262260437, 0.5776666402816772, 0.57833331823349, 0.6320000290870667, 0.668666660785675, 0.6679999828338623, 0.6700000166893005, 0.7086666822433472, 0.6926666498184204, 0.6850000023841858, 0.7080000042915344, 0.6653333306312561, 0.7160000205039978, 0.718999981880188, 0.7279999852180481, 0.7383333444595337, 0.7556666731834412, 0.765666663646698, 0.7786666750907898, 0.7873333096504211, 0.8040000200271606, 0.7893333435058594, 0.7630000114440918, 0.7913333177566528, 0.8046666383743286, 0.7960000038146973, 0.8096666932106018, 0.7906666398048401, 0.7986666560173035, 0.8050000071525574, 0.8013333082199097, 0.7913333177566528, 0.778333306312561, 0.7973333597183228, 0.8046666383743286, 0.8140000104904175, 0.8193333148956299, 0.8103333115577698, 0.8113333582878113, 0.8056666851043701, 0.8206666707992554, 0.8040000200271606, 0.828000009059906, 0.8119999766349792, 0.8263333439826965, 0.8330000042915344, 0.8299999833106995, 0.8149999976158142, 0.8166666626930237, 0.8106666803359985, 0.8036666512489319, 0.8033333420753479, 0.8190000057220459, 0.8246666789054871, 0.8230000138282776, 0.8333333134651184], "val_f1_m": [0.0006546644144691527, 0.0006546644144691527, 0.07011191546916962, 0.14327092468738556, 0.1900104582309723, 0.3112948536872864, 0.38936683535575867, 0.4525362253189087, 0.5341193675994873, 0.528245210647583, 0.6078171133995056, 0.6452236771583557, 0.6639878153800964, 0.6699894666671753, 0.7144379019737244, 0.6961135864257812, 0.6900358200073242, 0.7146749496459961, 0.6678625345230103, 0.7267090082168579, 0.7255795001983643, 0.7299391627311707, 0.739912748336792, 0.763176441192627, 0.7715626358985901, 0.7831490635871887, 0.7881057262420654, 0.8049284815788269, 0.7965642213821411, 0.7650973796844482, 0.7997648119926453, 0.8101149201393127, 0.804585874080658, 0.8161260485649109, 0.7968867421150208, 0.8052718043327332, 0.8106063604354858, 0.8086727857589722, 0.8000214099884033, 0.7854200601577759, 0.8010579347610474, 0.8138555288314819, 0.8201950788497925, 0.8233451247215271, 0.8183013200759888, 0.8158698678016663, 0.8140549063682556, 0.826082170009613, 0.8120797872543335, 0.8322687149047852, 0.8191242814064026, 0.8311974406242371, 0.840208113193512, 0.8331416249275208, 0.8174620270729065, 0.8208128809928894, 0.8149603009223938, 0.8083871603012085, 0.8078092336654663, 0.8238261342048645, 0.8307451009750366, 0.8275765776634216, 0.836489737033844]}