{"loss": [0.40195783972740173, 0.38027775287628174, 0.3588458001613617, 0.3376244902610779, 0.3162716031074524, 0.29478368163108826, 0.2770977020263672, 0.2592417895793915, 0.24328288435935974, 0.22953729331493378, 0.21674831211566925, 0.20294812321662903, 0.19222532212734222, 0.18255695700645447, 0.17214791476726532, 0.16686460375785828, 0.15750575065612793, 0.14874161779880524, 0.14100222289562225, 0.13417786359786987, 0.12957318127155304, 0.12219654768705368, 0.11503203958272934, 0.11622907966375351, 0.10783129930496216, 0.1008094996213913, 0.09796874970197678, 0.09089891612529755, 0.08745554089546204, 0.09254401177167892, 0.08284245431423187, 0.08509895205497742, 0.0758671760559082, 0.07197244465351105, 0.06756653636693954, 0.06422233581542969, 0.06200474128127098, 0.0663667693734169, 0.061931733042001724, 0.05665756016969681, 0.05498572811484337, 0.0528428889811039, 0.049017440527677536, 0.04899713397026062, 0.047383684664964676, 0.04403692111372948, 0.056969739496707916, 0.04683174937963486, 0.045446936041116714, 0.04159926250576973, 0.039543308317661285], "accuracy": [0.08274257928133011, 0.13469207286834717, 0.18918919563293457, 0.24656623601913452, 0.30571556091308594, 0.3640894889831543, 0.41637128591537476, 0.4654408395290375, 0.5098581910133362, 0.5386574864387512, 0.5645768642425537, 0.6013513803482056, 0.6222862005233765, 0.6398981213569641, 0.669029712677002, 0.668475866317749, 0.6854231357574463, 0.699490487575531, 0.7162162065505981, 0.7322773337364197, 0.7382587790489197, 0.7533230185508728, 0.7718210220336914, 0.7381479740142822, 0.7700487375259399, 0.7939742803573608, 0.7882144451141357, 0.8121399879455566, 0.8142445683479309, 0.7709348797798157, 0.8135799765586853, 0.7789100408554077, 0.8208905458450317, 0.8347363471984863, 0.8503544330596924, 0.857886552810669, 0.8544527888298035, 0.8254320025444031, 0.8437084555625916, 0.8622064590454102, 0.8632033467292786, 0.86796635389328, 0.879818320274353, 0.8801506161689758, 0.8784891366958618, 0.8925564885139465, 0.8046078681945801, 0.8624280095100403, 0.8615418672561646, 0.8818121552467346, 0.8857997059822083], "f1_m": [0.001733477576635778, 0.003243802348151803, 0.010348530486226082, 0.020180488005280495, 0.0527268685400486, 0.13075561821460724, 0.22633057832717896, 0.31564247608184814, 0.399166077375412, 0.45199263095855713, 0.49566230177879333, 0.5516150593757629, 0.5766167044639587, 0.6050665378570557, 0.6389661431312561, 0.640893280506134, 0.6558350324630737, 0.6791156530380249, 0.7015072703361511, 0.7137807607650757, 0.7256461381912231, 0.7387491464614868, 0.7602236866950989, 0.7231643199920654, 0.7648767232894897, 0.7836499810218811, 0.7821831107139587, 0.8072210550308228, 0.8103233575820923, 0.7588241696357727, 0.8051860928535461, 0.7720201015472412, 0.8142887949943542, 0.8343885540962219, 0.8457489013671875, 0.8551533818244934, 0.8557348847389221, 0.818294882774353, 0.8428670763969421, 0.8588707447052002, 0.8602032661437988, 0.8676813840866089, 0.8791621923446655, 0.8745930790901184, 0.8746698498725891, 0.8857808709144592, 0.7988840341567993, 0.8567284345626831, 0.856636106967926, 0.8790183663368225, 0.8867195844650269], "val_loss": [2.906973361968994, 2.7777090072631836, 2.626880645751953, 2.3906331062316895, 2.1498374938964844, 2.0522568225860596, 1.938106656074524, 1.6935893297195435, 1.8784421682357788, 1.4615478515625, 1.3620575666427612, 1.3960779905319214, 1.3145581483840942, 1.1879456043243408, 1.1863141059875488, 1.3799070119857788, 1.1514290571212769, 0.9902418851852417, 1.0670623779296875, 1.0852712392807007, 0.9901998043060303, 0.9093262553215027, 0.9842777252197266, 0.8944860696792603, 1.281848669052124, 0.830818772315979, 0.8118860721588135, 0.9431480169296265, 0.9165796041488647, 0.7437112927436829, 1.1540592908859253, 0.9351354837417603, 0.7368538975715637, 0.7422727346420288, 0.7186286449432373, 0.7594467997550964, 0.8177725672721863, 0.7706800699234009, 0.7300642132759094, 0.6947317719459534, 0.6284992098808289, 0.6694986820220947, 0.9656445980072021, 1.4523329734802246, 0.7266854643821716, 0.6655226349830627, 0.6839001178741455, 0.7185887694358826, 0.7874482274055481, 0.6543315649032593, 0.6606260538101196], "val_accuracy": [0.09833333641290665, 0.15666666626930237, 0.2173333317041397, 0.2876666784286499, 0.367333322763443, 0.39899998903274536, 0.42100000381469727, 0.5206666588783264, 0.4533333480358124, 0.5873333215713501, 0.628333330154419, 0.6073333621025085, 0.6309999823570251, 0.6723333597183228, 0.6673333048820496, 0.6159999966621399, 0.6746666431427002, 0.7386666536331177, 0.6973333358764648, 0.7023333311080933, 0.7260000109672546, 0.753333330154419, 0.7266666889190674, 0.7490000128746033, 0.6430000066757202, 0.7743333578109741, 0.7756666541099548, 0.7386666536331177, 0.734666645526886, 0.7979999780654907, 0.6769999861717224, 0.731333315372467, 0.7993333339691162, 0.8009999990463257, 0.8116666674613953, 0.7913333177566528, 0.762666642665863, 0.7850000262260437, 0.8013333082199097, 0.7990000247955322, 0.8273333311080933, 0.8100000023841858, 0.7409999966621399, 0.609666645526886, 0.7960000038146973, 0.8186666369438171, 0.8056666851043701, 0.7979999780654907, 0.7749999761581421, 0.8183333277702332, 0.8169999718666077], "val_f1_m": [0.0, 0.0045336470939219, 0.02387331612408161, 0.05421917513012886, 0.1074829176068306, 0.19202226400375366, 0.2895282804965973, 0.4315982162952423, 0.3794952929019928, 0.5293262004852295, 0.5732472538948059, 0.5801578164100647, 0.6138811111450195, 0.6504644751548767, 0.6598677039146423, 0.6137191653251648, 0.6714630722999573, 0.7298300862312317, 0.7002195119857788, 0.6925048232078552, 0.7203795909881592, 0.7533954977989197, 0.7256817817687988, 0.7532293200492859, 0.6496700644493103, 0.7727177143096924, 0.7801170349121094, 0.7401780486106873, 0.7360321283340454, 0.7959119081497192, 0.6763486862182617, 0.7298352122306824, 0.8001866340637207, 0.8054407238960266, 0.8153687119483948, 0.7921316027641296, 0.7702364921569824, 0.7824802994728088, 0.8027438521385193, 0.8060699701309204, 0.8297240734100342, 0.8194328546524048, 0.7404255867004395, 0.6153960824012756, 0.8014544248580933, 0.8212820887565613, 0.8111665844917297, 0.7965081334114075, 0.7835060954093933, 0.824418842792511, 0.8150419592857361]}