{"loss": [0.4585942029953003, 0.38856425881385803, 0.3471183776855469, 0.31695955991744995, 0.29732415080070496, 0.27515289187431335, 0.25842347741127014, 0.2433718591928482, 0.23161816596984863, 0.21750150620937347, 0.20504651963710785, 0.1936187595129013, 0.18711137771606445, 0.17411696910858154, 0.16990484297275543, 0.159746453166008, 0.14777517318725586, 0.14044292271137238, 0.13305898010730743, 0.125864639878273, 0.11857398599386215, 0.11242292821407318, 0.10657670348882675, 0.1039545089006424, 0.09854287654161453, 0.0914415791630745, 0.08654303848743439, 0.08160901069641113, 0.07738098502159119, 0.07423997670412064, 0.06958411633968353, 0.06835408508777618, 0.06420503556728363, 0.059723082929849625, 0.057487551122903824, 0.056695692241191864, 0.05151061713695526, 0.04864916577935219, 0.04612968862056732, 0.04392708092927933, 0.043658558279275894, 0.04168851301074028, 0.0380517840385437, 0.03631514310836792, 0.034445762634277344, 0.03294682875275612, 0.03265632316470146, 0.02988843247294426, 0.0284634530544281, 0.02707984298467636, 0.026184292510151863, 0.025725023820996284, 0.023784665390849113, 0.022583335638046265, 0.021569423377513885, 0.02057843841612339, 0.019668716937303543, 0.01952514797449112, 0.018227318301796913, 0.02320568822324276, 0.017075486481189728, 0.016528308391571045, 0.016590755432844162, 0.015020533464848995, 0.014991886913776398, 0.013817517086863518, 0.014543569646775723, 0.013915379531681538, 0.012395299039781094, 0.012648182921111584, 0.01188433263450861, 0.012495674192905426, 0.01309471670538187, 0.010637404397130013, 0.01017378643155098, 0.010066324844956398, 0.010529862716794014, 0.009350079111754894, 0.009067662991583347, 0.014033452607691288, 0.008884563110768795, 0.008480026386678219, 0.008577853441238403, 0.007827834226191044, 0.0076002697460353374, 0.007353680673986673, 0.00906425528228283, 0.007901438511908054, 0.007290936075150967, 0.0067307897843420506, 0.006522239651530981, 0.006385210435837507, 0.006158348638564348, 0.006013393402099609, 0.00686217937618494, 0.005828131455928087, 0.005651857238262892, 0.00553847337141633, 0.00628969119861722, 0.005448170937597752, 0.00522459065541625, 0.005128329619765282, 0.005040417425334454, 0.005774313118308783, 0.005843915045261383, 0.00518390629440546, 0.004818330984562635], "accuracy": [0.38170138001441956, 0.6775587201118469, 0.8173460364341736, 0.8978732824325562, 0.9194727540016174, 0.9662162065505981, 0.9826096296310425, 0.9900310039520264, 0.9850465059280396, 0.9940186142921448, 0.9976739287376404, 0.9992246627807617, 0.9764067530632019, 0.9978954195976257, 0.9767390489578247, 0.9785112738609314, 0.9992246627807617, 0.9965662360191345, 0.9960123896598816, 0.9982277154922485, 0.9996677041053772, 0.9990031123161316, 0.9984492659568787, 0.9831634759902954, 0.9893664121627808, 0.9981169700622559, 0.9978954195976257, 0.9998892545700073, 0.9998892545700073, 0.9973416328430176, 0.9998892545700073, 0.991470992565155, 0.9943509101867676, 0.9998892545700073, 0.9966769814491272, 0.9899202585220337, 0.9988923072814941, 0.9998892545700073, 1.0, 0.9997784495353699, 0.9926894307136536, 0.9942401647567749, 0.9998892545700073, 0.9991138577461243, 0.9998892545700073, 0.9996677041053772, 0.9946832060813904, 0.9997784495353699, 0.9998892545700073, 0.9998892545700073, 0.9985600113868713, 0.9954586029052734, 0.9993354082107544, 0.9998892545700073, 1.0, 0.9998892545700073, 1.0, 0.9981169700622559, 0.9997784495353699, 0.9816127419471741, 0.9997784495353699, 0.9990031123161316, 0.9955693483352661, 1.0, 0.9984492659568787, 1.0, 0.9950155019760132, 0.9949047565460205, 1.0, 0.9963446855545044, 0.9987815618515015, 0.9933540225028992, 0.9911386966705322, 1.0, 0.9998892545700073, 0.9990031123161316, 0.9977846741676331, 0.9996677041053772, 0.9997784495353699, 0.978289783000946, 0.9993354082107544, 0.9997784495353699, 0.9984492659568787, 1.0, 0.9997784495353699, 0.9996677041053772, 0.9921355843544006, 0.9967877864837646, 0.9986708164215088, 1.0, 1.0, 1.0, 1.0, 1.0, 0.9965662360191345, 1.0, 1.0, 0.9998892545700073, 0.9972308278083801, 1.0, 1.0, 1.0, 0.9998892545700073, 0.9962339401245117, 0.9957908987998962, 0.9990031123161316, 0.9998892545700073], "f1_m": [0.21733783185482025, 0.6217842698097229, 0.803717851638794, 0.8932486772537231, 0.9149438738822937, 0.9642577767372131, 0.979520857334137, 0.9887193441390991, 0.9829131364822388, 0.9932990074157715, 0.9975160360336304, 0.994587779045105, 0.9749860167503357, 0.9929770827293396, 0.9727615714073181, 0.9781862497329712, 0.998110294342041, 0.9950593709945679, 0.9955768585205078, 0.997847855091095, 0.9996699094772339, 0.9989542365074158, 0.9918539524078369, 0.9810940623283386, 0.9895703196525574, 0.9963645339012146, 0.9979016184806824, 0.999889075756073, 0.9981839656829834, 0.9970670938491821, 0.9981839656829834, 0.9881287813186646, 0.9942935109138489, 0.9981839656829834, 0.993990957736969, 0.989319920539856, 0.9990053772926331, 0.9998345375061035, 1.0, 0.9976525902748108, 0.9894300699234009, 0.9942708611488342, 0.998993992805481, 0.9991196990013123, 0.9998899698257446, 0.9985529780387878, 0.9941831827163696, 0.9998345375061035, 0.9998345375061035, 0.9999445676803589, 0.9962741732597351, 0.9953954815864563, 0.999339759349823, 0.9998899698257446, 1.0, 0.9998899698257446, 1.0, 0.9979552030563354, 0.9988839626312256, 0.9803830981254578, 0.9996690154075623, 0.9974111914634705, 0.9954112768173218, 0.998993992805481, 0.9979516863822937, 0.998993992805481, 0.992813229560852, 0.9949596524238586, 0.998993992805481, 0.9965237975120544, 0.9972439408302307, 0.9917850494384766, 0.990584135055542, 1.0, 0.9998899698257446, 0.9978910684585571, 0.9970073699951172, 0.9997245073318481, 0.998073935508728, 0.9776078462600708, 0.999283492565155, 0.9988285303115845, 0.9981234073638916, 1.0, 0.9997799396514893, 0.9953051209449768, 0.9896525144577026, 0.9956773519515991, 0.9985669851303101, 1.0, 1.0, 1.0, 1.0, 0.9989385604858398, 0.9965081214904785, 1.0, 1.0, 0.9969818592071533, 0.9970740675926208, 0.9999445676803589, 1.0, 1.0, 0.9969818592071533, 0.9947438836097717, 0.9948515295982361, 0.9988424777984619, 0.9999445676803589],