{"loss": [0.4665241837501526, 0.40330663323402405, 0.36417093873023987, 0.33484718203544617, 0.3111620545387268, 0.29034706950187683, 0.27820953726768494, 0.2578582167625427, 0.2455039769411087, 0.22837527096271515, 0.21528840065002441, 0.20719066262245178, 0.19227367639541626, 0.18185478448867798, 0.17646712064743042, 0.16275382041931152, 0.15401765704154968, 0.15152683854103088, 0.13903604447841644, 0.13198348879814148, 0.12594740092754364, 0.11755867302417755, 0.11163972318172455, 0.10901175439357758, 0.10412479937076569, 0.09539715200662613, 0.09094315022230148, 0.08629500865936279, 0.08692725747823715, 0.07960012555122375, 0.07392698526382446, 0.07014519721269608, 0.06741108745336533, 0.06265168637037277, 0.06004495173692703, 0.057411711663007736, 0.05463293567299843, 0.051576029509305954, 0.04896547645330429, 0.04653339460492134, 0.04440997540950775, 0.04346991330385208, 0.0404958613216877, 0.03917793929576874, 0.03687378019094467, 0.03547492250800133, 0.037109386175870895, 0.032423894852399826, 0.032034240663051605, 0.03028329834342003, 0.02806730568408966, 0.027466610074043274, 0.025696007534861565, 0.02500186301767826, 0.027926640585064888, 0.024792524054646492, 0.022964468225836754, 0.02092008851468563, 0.02031083218753338, 0.019230345264077187, 0.01848638989031315, 0.0176180899143219, 0.017220420762896538, 0.016204530373215675, 0.01596822403371334, 0.015888003632426262, 0.015547515824437141, 0.01765177585184574, 0.01573474332690239, 0.014432125724852085], "accuracy": [0.3094816207885742, 0.5836287140846252, 0.7113425135612488, 0.7815684676170349, 0.8321887254714966, 0.8661940693855286, 0.8503544330596924, 0.894328773021698, 0.8948825597763062, 0.9266725778579712, 0.9366415739059448, 0.9195834994316101, 0.946499764919281, 0.9522596597671509, 0.9344262480735779, 0.9593486785888672, 0.9636685848236084, 0.9336508512496948, 0.9638901352882385, 0.9623394012451172, 0.9625608921051025, 0.9751883149147034, 0.9717545509338379, 0.9572441577911377, 0.9581302404403687, 0.9793974161148071, 0.975299060344696, 0.978289783000946, 0.9556934237480164, 0.9714222550392151, 0.982166588306427, 0.9832742810249329, 0.9800620079040527, 0.9878156781196594, 0.9870403409004211, 0.9852680563926697, 0.9856003522872925, 0.9867080450057983, 0.9887018203735352, 0.9895879626274109, 0.9911386966705322, 0.983828067779541, 0.9901418089866638, 0.9864864945411682, 0.9903632998466492, 0.9915817379951477, 0.9715330004692078, 0.9910278916358948, 0.9828311800956726, 0.9861541986465454, 0.9925786256790161, 0.9901418089866638, 0.9930217266082764, 0.9913601875305176, 0.9729729890823364, 0.9847142100334167, 0.9869295358657837, 0.9939078688621521, 0.9932432174682617, 0.9946832060813904, 0.9944616556167603, 0.9952370524406433, 0.9930217266082764, 0.9959016442298889, 0.9947939515113831, 0.9904741048812866, 0.9898094534873962, 0.9749667644500732, 0.9878156781196594, 0.9902525544166565], "f1_m": [0.13132140040397644, 0.49564018845558167, 0.6815341114997864, 0.7702129483222961, 0.823021411895752, 0.8547267317771912, 0.8437806367874146, 0.891166627407074, 0.892278254032135, 0.9239804148674011, 0.9333335757255554, 0.9182645678520203, 0.9422587156295776, 0.9489809274673462, 0.9319537281990051, 0.9586889743804932, 0.9611730575561523, 0.9341713190078735, 0.9638497829437256, 0.9604184627532959, 0.9633650183677673, 0.9751210808753967, 0.9707284569740295, 0.9548975825309753, 0.9582674503326416, 0.9781264066696167, 0.9732341766357422, 0.9764752388000488, 0.9538334608078003, 0.9706286787986755, 0.9822059869766235, 0.9811217784881592, 0.9796410202980042, 0.9871803522109985, 0.9857802987098694, 0.9844688177108765, 0.9854132533073425, 0.9866213798522949, 0.9886529445648193, 0.9897587895393372, 0.9881171584129333, 0.9840456247329712, 0.9873309135437012, 0.9859045147895813, 0.9903868436813354, 0.9853513240814209, 0.9706184267997742, 0.9891597032546997, 0.9817529320716858, 0.9859412908554077, 0.9902434945106506, 0.9890727996826172, 0.9927761554718018, 0.9894496202468872, 0.9742754101753235, 0.9825587868690491, 0.986632764339447, 0.9928698539733887, 0.9927797913551331, 0.9940506815910339, 0.9944350719451904, 0.9950088858604431, 0.9933121204376221, 0.9953445792198181, 0.9933305978775024, 0.9909661412239075, 0.9891191720962524, 0.9739788174629211, 0.9865777492523193, 0.9867976307868958], "val_loss": [2.843661069869995, 2.178480863571167, 1.3860540390014648, 1.1378132104873657, 0.7999480962753296, 2.0144755840301514, 1.019474983215332, 1.4137859344482422, 0.6126802563667297, 0.5662896037101746, 0.8124463558197021, 0.613700807094574, 0.5987665057182312, 0.8337395191192627, 0.5611414909362793, 0.5524279475212097, 0.656241238117218, 0.6054678559303284, 0.5869743227958679, 0.6023414134979248, 0.3880181908607483, 0.37695348262786865, 0.631220817565918, 0.5307038426399231, 0.3985651135444641, 0.4388943612575531, 0.38976380228996277, 0.8917911648750305, 0.33676260709762573, 0.3471335470676422, 0.30669111013412476, 0.3182581663131714, 0.25316667556762695, 0.2529401183128357, 0.25717198848724365, 0.3107408583164215, 0.3073039948940277, 0.25434717535972595, 0.324737012386322, 0.24303197860717773, 0.23067203164100647, 0.2198038101196289, 0.23392905294895172, 0.22129663825035095, 0.22612565755844116, 0.3039485514163971, 0.25776880979537964, 0.21195444464683533, 0.2591177821159363, 0.19945965707302094, 0.2532338500022888, 0.22118288278579712, 0.2816920578479767, 0.24273976683616638, 0.2572774589061737, 0.20393511652946472, 0.19687862694263458, 0.29287031292915344, 0.20005540549755096, 0.16406075656414032, 0.17851006984710693, 0.17826466262340546, 0.18160037696361542, 0.17503191530704498, 0.20570644736289978, 0.18285325169563293, 0.31382477283477783, 0.2753044366836548, 0.20463600754737854, 0.22804421186447144], "val_accuracy": [0.16833333671092987, 0.35100001096725464, 0.6620000004768372, 0.7319999933242798, 0.8383333086967468, 0.5389999747276306, 0.7480000257492065, 0.6439999938011169, 0.8830000162124634, 0.887333333492279, 0.7903333306312561, 0.8696666955947876, 0.8676666617393494, 0.7866666913032532, 0.8763333559036255, 0.8756666779518127, 0.8426666855812073, 0.8523333072662354, 0.8553333282470703, 0.8483333587646484, 0.9166666865348816, 0.9150000214576721, 0.8496666550636292, 0.8643333315849304, 0.9066666960716248, 0.8916666507720947, 0.902999997138977, 0.7549999952316284, 0.9240000247955322, 0.9110000133514404, 0.9246666431427002, 0.9283333420753479, 0.9443333148956299, 0.9459999799728394, 0.9436666369438171, 0.9243333339691162, 0.9200000166893005, 0.9396666884422302, 0.9173333048820496, 0.9426666498184204, 0.9399999976158142, 0.9473333358764648, 0.9413333535194397, 0.9473333358764648, 0.9423333406448364, 0.9183333516120911, 0.9363333582878113, 0.9493333101272583, 0.9303333163261414, 0.9473333358764648, 0.9256666898727417, 0.9413333535194397, 0.9240000247955322, 0.9319999814033508, 0.9243333339691162, 0.9443333148956299, 0.9490000009536743, 0.9163333177566528, 0.9449999928474426, 0.9589999914169312, 0.9526666402816772, 0.9520000219345093, 0.9539999961853027, 0.9506666660308838, 0.9466666579246521, 0.9520000219345093, 0.9083333611488342, 0.9206666946411133, 0.9390000104904175, 0.9383333325386047],