{"loss": [0.4726547300815582, 0.40267375111579895, 0.36663487553596497, 0.33740413188934326, 0.31244611740112305, 0.29279619455337524, 0.2805311381816864, 0.25976812839508057, 0.24795663356781006, 0.23304401338100433, 0.21740560233592987, 0.2058018147945404, 0.1942029893398285, 0.18308670818805695, 0.17418397963047028, 0.16491657495498657, 0.1577741950750351, 0.14942780137062073, 0.14463885128498077, 0.13642826676368713, 0.12706948816776276, 0.11894003301858902, 0.11371387541294098, 0.10767396539449692, 0.1008148044347763, 0.096138596534729, 0.09160496294498444, 0.08644583821296692, 0.08210722357034683, 0.07868483662605286, 0.0776926800608635, 0.07509997487068176, 0.0696008950471878, 0.06349075585603714, 0.07202253490686417, 0.059103064239025116, 0.055337727069854736, 0.053819797933101654, 0.04955082759261131, 0.047441381961107254, 0.044569700956344604, 0.04238136485219002, 0.04050595313310623, 0.03876931220293045, 0.03645537048578262, 0.03447209298610687, 0.032889071851968765, 0.03179345652461052, 0.030470574274659157, 0.02863842062652111, 0.027687212452292442, 0.02597980573773384, 0.025639446452260017, 0.023675844073295593, 0.023004785180091858, 0.026300210505723953, 0.02149934507906437, 0.020424608141183853, 0.02281097322702408, 0.022636108100414276, 0.018495284020900726, 0.019726501777768135, 0.017458854243159294, 0.01595970429480076, 0.01551545038819313, 0.015581401996314526, 0.014963219873607159, 0.014036187902092934, 0.013485301285982132, 0.013348602689802647, 0.013581309467554092, 0.012245108373463154, 0.012719354592263699, 0.01378189492970705, 0.011147383600473404, 0.010493618436157703, 0.010010350495576859, 0.009668744169175625, 0.009223285131156445, 0.00884601566940546, 0.008644635789096355, 0.008987916633486748, 0.008148320950567722, 0.008793064393103123, 0.008596211671829224], "accuracy": [0.34669914841651917, 0.6446610689163208, 0.7522153258323669, 0.8208905458450317, 0.8728400468826294, 0.8937749266624451, 0.8871289491653442, 0.923128068447113, 0.9169251322746277, 0.9345369935035706, 0.9555826187133789, 0.9559149146080017, 0.9594594836235046, 0.9692069292068481, 0.9642224311828613, 0.9684315323829651, 0.9589056372642517, 0.9612317085266113, 0.955028772354126, 0.9589056372642517, 0.9672130942344666, 0.9790651202201843, 0.9725298881530762, 0.9760744571685791, 0.9849357604980469, 0.9801728129386902, 0.9788435697555542, 0.9832742810249329, 0.9841603636741638, 0.9786220788955688, 0.9707576632499695, 0.9640008807182312, 0.9743021726608276, 0.9880372285842896, 0.9327647089958191, 0.9790651202201843, 0.9850465059280396, 0.9792866706848145, 0.988480269908905, 0.9885910749435425, 0.990695595741272, 0.9913601875305176, 0.9898094534873962, 0.989034116268158, 0.9937970638275146, 0.9929109215736389, 0.9942401647567749, 0.9912494421005249, 0.9919140338897705, 0.9928001761436462, 0.9911386966705322, 0.9944616556167603, 0.9892556667327881, 0.9940186142921448, 0.9928001761436462, 0.9726406931877136, 0.991470992565155, 0.9934647679328918, 0.9780682325363159, 0.9797297120094299, 0.9930217266082764, 0.9813912510871887, 0.9910278916358948, 0.9950155019760132, 0.9940186142921448, 0.9900310039520264, 0.9895879626274109, 0.9930217266082764, 0.9924678802490234, 0.9925786256790161, 0.9888125658035278, 0.9933540225028992, 0.9869295358657837, 0.9817235469818115, 0.9943509101867676, 0.9954586029052734, 0.9967877864837646, 0.9959016442298889, 0.9976739287376404, 0.9971200823783875, 0.9972308278083801, 0.9942401647567749, 0.99700927734375, 0.9925786256790161, 0.9942401647567749], "f1_m": [0.19232209026813507, 0.5971605777740479, 0.7338725328445435, 0.8182258009910583, 0.8679425120353699, 0.888333797454834, 0.8857735395431519, 0.9183087348937988, 0.9112990498542786, 0.9337618947029114, 0.9538634419441223, 0.9561514854431152, 0.9596197605133057, 0.9667028784751892, 0.9609332084655762, 0.9618632197380066, 0.9548494815826416, 0.9579450488090515, 0.9502673149108887, 0.9514901638031006, 0.9670471549034119, 0.9760531783103943, 0.9672689437866211, 0.9765868782997131, 0.9823482632637024, 0.9766338467597961, 0.9793923497200012, 0.9827589392662048, 0.9836289286613464, 0.9756209850311279, 0.9683014750480652, 0.9574952721595764, 0.9740015864372253, 0.9847506880760193, 0.9322647452354431, 0.9784608483314514, 0.9826987981796265, 0.9798637628555298, 0.9886248111724854, 0.9874670505523682, 0.9902777671813965, 0.9894042611122131, 0.9882515072822571, 0.9890396595001221, 0.9939018487930298, 0.992950439453125, 0.993848979473114, 0.9890252947807312, 0.9919547438621521, 0.9915392994880676, 0.9908455610275269, 0.9910409450531006, 0.9888734221458435, 0.9939036965370178, 0.9915162324905396, 0.9709050059318542, 0.9897953867912292, 0.9903335571289062, 0.9757767915725708, 0.9805107712745667, 0.9919523000717163, 0.9794983267784119, 0.9906388521194458, 0.9949029088020325, 0.9915727376937866, 0.9891272783279419, 0.9884256720542908, 0.9917962551116943, 0.9928553700447083, 0.9893982410430908, 0.9868857264518738, 0.9910346865653992, 0.9842278957366943, 0.9809108376502991, 0.993893027305603, 0.9953498244285583, 0.997069776058197, 0.9961851835250854, 0.9976735711097717, 0.9967933893203735, 0.9968399405479431, 0.9942389726638794, 0.9953100681304932, 0.9905877113342285, 0.994035542011261], "val_loss": [3.290226936340332, 1.7182239294052124, 1.3186542987823486, 1.045954942703247, 2.929859161376953, 1.224471926689148, 1.2606371641159058, 0.7067462801933289, 0.8323506116867065, 0.4296298325061798, 1.0144790410995483, 2.5332164764404297, 0.4057559370994568, 0.5228914022445679, 0.5286781191825867, 0.38648420572280884, 0.5415499806404114, 0.7424424886703491, 1.113696813583374, 0.41805553436279297, 1.3988749980926514, 0.2420654147863388, 0.3459518253803253, 0.5999618172645569, 1.1650017499923706, 0.2894115746021271, 0.21537792682647705, 0.35590019822120667, 0.3152098059654236, 0.4252761900424957, 0.39098888635635376, 0.2983425557613373, 0.7199802398681641, 0.44486624002456665, 0.3653198778629303, 0.28595873713493347, 0.21136045455932617, 0.37628239393234253, 0.18143707513809204, 0.2953278720378876, 0.15194065868854523, 0.14423032104969025, 0.24740545451641083, 0.12157531827688217, 0.21289929747581482, 0.12380082160234451, 0.15839296579360962, 0.1448832005262375, 0.1166592389345169, 0.17020834982395172, 0.10810237377882004, 0.12342146784067154, 0.41912582516670227, 0.1224762499332428, 0.4859060049057007, 0.16454249620437622, 0.10491254925727844, 0.1424313187599182, 0.16973334550857544, 0.15788088738918304, 0.22437191009521484, 0.6161808967590332, 0.12520603835582733, 0.09434643387794495, 0.16629895567893982, 0.11727526783943176, 0.08492113649845123, 0.1157522052526474, 0.11560578644275665, 0.08785539865493774, 0.18880189955234528, 0.1257667988538742, 0.1718570590019226, 0.19417791068553925, 0.07025717943906784, 0.11808668822050095, 0.07975133508443832, 0.07280522584915161, 0.09033308923244476, 0.08509814739227295, 0.07813497632741928, 0.18552708625793457, 0.10257121920585632, 0.07414498180150986, 0.14091889560222626],