{"loss": [0.3630608022212982, 0.3510807156562805, 0.33976277709007263, 0.3289942443370819, 0.3186805546283722, 0.30867183208465576, 0.2987493574619293, 0.28852003812789917, 0.27794498205184937, 0.26707249879837036, 0.2572733461856842, 0.24818484485149384, 0.2400892674922943, 0.23324957489967346, 0.22683779895305634, 0.2203012853860855, 0.21415932476520538, 0.2079058438539505, 0.20244784653186798, 0.19733752310276031, 0.19150394201278687, 0.18662750720977783, 0.18099316954612732, 0.17602647840976715, 0.17178718745708466, 0.16670562326908112, 0.16229474544525146, 0.15954793989658356, 0.1545088142156601, 0.1498347371816635, 0.14781957864761353, 0.14328867197036743, 0.14062559604644775, 0.13700491189956665, 0.13432179391384125, 0.1312752515077591, 0.12923549115657806, 0.12640029191970825, 0.1237771064043045, 0.12132766842842102, 0.1189161017537117, 0.11686471849679947, 0.11449763923883438, 0.11258890479803085, 0.11019652336835861, 0.10877139121294022, 0.1078251525759697, 0.10599924623966217, 0.10310762375593185, 0.10253814607858658, 0.1001766100525856, 0.09933985769748688, 0.09672997146844864, 0.09629394859075546, 0.09519660472869873, 0.09311286360025406, 0.09169156849384308, 0.0928732305765152, 0.08979712426662445, 0.08822205662727356, 0.0885506272315979, 0.08642209321260452, 0.08975428342819214, 0.08401273936033249, 0.08358944952487946, 0.08342081308364868, 0.0830453485250473, 0.08130235224962234, 0.08048153668642044, 0.07876016944646835, 0.0779576227068901, 0.07613063603639603, 0.07600684463977814, 0.07529935240745544, 0.0741119459271431, 0.0740116611123085, 0.07300225645303726, 0.07309079170227051, 0.07144295424222946, 0.07190749049186707, 0.07024510949850082, 0.07022009789943695, 0.0689447894692421, 0.06898567080497742, 0.06904985755681992, 0.06871339678764343, 0.06740537285804749, 0.06658535450696945, 0.0660477876663208, 0.0665961429476738, 0.06763279438018799, 0.0645434632897377, 0.06398091465234756, 0.0635547935962677, 0.06764408946037292, 0.06250996142625809, 0.06195252388715744, 0.062578484416008, 0.06076206639409065, 0.062374744564294815, 0.06037820503115654, 0.06377298384904861, 0.05998674035072327, 0.05986424535512924, 0.05993093177676201, 0.059258464723825455, 0.05941081419587135, 0.058756884187459946], "accuracy": [0.04630040004849434, 0.07565352320671082, 0.0804164856672287, 0.10323438048362732, 0.1177447959780693, 0.12826761603355408, 0.1302614063024521, 0.13613203167915344, 0.16127602756023407, 0.19018608331680298, 0.2116747945547104, 0.2382587492465973, 0.25897207856178284, 0.2640673518180847, 0.2704918086528778, 0.28145769238471985, 0.2970757782459259, 0.3027248680591583, 0.3119184672832489, 0.31679219007492065, 0.3358440399169922, 0.3435977101325989, 0.358661949634552, 0.3705139458179474, 0.3761630356311798, 0.3879042863845825, 0.4007532000541687, 0.40053167939186096, 0.41470980644226074, 0.4317678213119507, 0.4347585141658783, 0.4515950381755829, 0.45779797434806824, 0.4724191427230835, 0.47330528497695923, 0.49069562554359436, 0.4993354082107544, 0.5070890784263611, 0.513181209564209, 0.524700939655304, 0.5336729884147644, 0.543641984462738, 0.5479618906974792, 0.5553832650184631, 0.569118320941925, 0.5714443922042847, 0.5738812685012817, 0.5836287140846252, 0.605671226978302, 0.6043420433998108, 0.61796635389328, 0.6147540807723999, 0.6342490315437317, 0.6364643573760986, 0.6387904286384583, 0.6521931886672974, 0.6596145033836365, 0.6469871401786804, 0.6678112745285034, 0.6742357015609741, 0.670691192150116, 0.6906291246414185, 0.6716880798339844, 0.7040318846702576, 0.7029242515563965, 0.7064687609672546, 0.7064687609672546, 0.7148870229721069, 0.7199822664260864, 0.736043393611908, 0.7394771575927734, 0.7505538463592529, 0.7497784495353699, 0.7586398124694824, 0.7686087489128113, 0.7669472694396973, 0.7722640633583069, 0.7749224901199341, 0.7837837934494019, 0.778799295425415, 0.7888790369033813, 0.7929773926734924, 0.8003987669944763, 0.7975188493728638, 0.7999556660652161, 0.8016172051429749, 0.8112539052963257, 0.8195613622665405, 0.820004403591156, 0.8206690549850464, 0.811475396156311, 0.8295303583145142, 0.8385024070739746, 0.8398316502571106, 0.8119184970855713, 0.8516836762428284, 0.8524590134620667, 0.8489145040512085, 0.860323429107666, 0.8480283617973328, 0.8617634177207947, 0.8419361710548401, 0.8694062829017639, 0.868852436542511, 0.8651971817016602, 0.8731723427772522, 0.8725077509880066, 0.8767168521881104], "f1_m": [0.0, 0.0, 0.0, 0.0, 0.0, 0.0, 0.0, 0.0, 0.0, 0.0, 0.002577813807874918, 0.005384482443332672, 0.0065869661048054695, 0.007719350513070822, 0.013017778284847736, 0.014882618561387062, 0.017679918557405472, 0.025766395032405853, 0.03257552534341812, 0.03758201748132706, 0.05378790944814682, 0.06257796287536621, 0.07672740519046783, 0.09112302958965302, 0.11679331213235855, 0.13823026418685913, 0.16392025351524353, 0.17125456035137177, 0.19886916875839233, 0.22595466673374176, 0.23055143654346466, 0.2587812840938568, 0.27863648533821106, 0.29611894488334656, 0.310490220785141, 0.33532023429870605, 0.33981701731681824, 0.36074671149253845, 0.3755979537963867, 0.39539051055908203, 0.41158488392829895, 0.42155706882476807, 0.4462311267852783, 0.45148441195487976, 0.47330060601234436, 0.4811520576477051, 0.48039692640304565, 0.5019927620887756, 0.5149451494216919, 0.5230602622032166, 0.540978193283081, 0.5492202043533325, 0.5616057515144348, 0.5649932622909546, 0.572629988193512, 0.5863234400749207, 0.5967549681663513, 0.5872601866722107, 0.6134821772575378, 0.6200208067893982, 0.6254128217697144, 0.6367555260658264, 0.615955650806427, 0.6539114117622375, 0.6609582901000977, 0.6526033878326416, 0.6657740473747253, 0.6796646118164062, 0.6885297298431396, 0.6956571936607361, 0.7068889737129211, 0.7196348309516907, 0.7212827205657959, 0.7306133508682251, 0.7331900000572205, 0.7398674488067627, 0.74610435962677, 0.7475477457046509, 0.7597066164016724, 0.7603288888931274, 0.7696074843406677, 0.7735792994499207, 0.7787878513336182, 0.7761123180389404, 0.7755201458930969, 0.7801085114479065, 0.7915662527084351, 0.7994992136955261, 0.8004329800605774, 0.8003717064857483, 0.7989065051078796, 0.8162882924079895, 0.8204331994056702, 0.8244425058364868, 0.794093906879425, 0.8383715748786926, 0.8403121829032898, 0.8367886543273926, 0.847211480140686, 0.835032045841217, 0.8499287366867065, 0.8254602551460266, 0.8593939542770386, 0.8534842729568481, 0.8571349382400513, 0.8609932065010071, 0.8651130199432373, 0.8635214567184448],