{"loss": [0.1508033573627472, 0.15055255591869354, 0.15032115578651428, 0.15002943575382233, 0.1496678739786148, 0.14911743998527527, 0.1482410430908203, 0.1468522995710373, 0.1446744203567505, 0.14165540039539337, 0.1385950744152069, 0.13534066081047058, 0.13261167705059052, 0.13040907680988312, 0.12680821120738983, 0.12339050322771072, 0.12218324095010757, 0.1180926039814949, 0.11773208528757095, 0.11422111839056015, 0.11150731146335602, 0.11026743799448013, 0.1092238798737526, 0.10647750645875931, 0.10439987480640411, 0.10263167321681976, 0.10012434422969818, 0.09648273140192032, 0.09550029784440994, 0.09273721277713776, 0.08923090249300003, 0.0899752601981163, 0.08501390367746353, 0.08276611566543579, 0.08236892521381378, 0.08006973564624786, 0.07756582647562027, 0.07578796148300171, 0.07418234646320343, 0.07218218594789505, 0.07089469581842422, 0.06949839740991592, 0.06781873852014542, 0.06699151545763016, 0.06321229040622711, 0.06190786883234978, 0.06189063563942909, 0.06166312098503113, 0.059295348823070526, 0.05929179489612579, 0.055301129817962646, 0.05527615174651146, 0.053748998790979385, 0.05230149254202843, 0.05154414474964142, 0.050860874354839325, 0.047624412924051285, 0.047534577548503876, 0.04747151583433151, 0.044462040066719055, 0.044672828167676926, 0.043057236820459366, 0.04537796601653099, 0.040701236575841904, 0.04034869372844696, 0.03928228095173836, 0.03615811839699745, 0.03614232316613197, 0.036024145781993866, 0.03537284582853317, 0.033584292978048325, 0.03237870708107948, 0.03300179913640022, 0.03132541477680206, 0.0330047532916069, 0.030092762783169746, 0.029773689806461334, 0.02866956777870655, 0.027161071076989174, 0.02606585994362831, 0.02614576183259487, 0.02562364563345909, 0.02847335673868656, 0.023652344942092896, 0.024363495409488678, 0.024079808965325356, 0.021714650094509125, 0.020625319331884384, 0.021291058510541916, 0.020165005698800087, 0.019169317558407784, 0.020457908511161804, 0.01808547042310238, 0.019643856212496758, 0.018679313361644745, 0.018866166472434998, 0.019526520743966103, 0.01795303076505661, 0.016535967588424683, 0.016520120203495026], "accuracy": [0.07919804751873016, 0.0904962345957756, 0.09470535814762115, 0.1251661479473114, 0.14056269824504852, 0.14155958592891693, 0.1507532149553299, 0.1510855108499527, 0.14377492666244507, 0.15739920735359192, 0.16847585141658783, 0.19627824425697327, 0.21898537874221802, 0.23294195532798767, 0.25088614225387573, 0.2755870521068573, 0.26739034056663513, 0.28854674100875854, 0.2853345274925232, 0.31402304768562317, 0.33163490891456604, 0.344816118478775, 0.3451484143733978, 0.36353567242622375, 0.37439078092575073, 0.38347363471984863, 0.3933318555355072, 0.42179885506629944, 0.42744794487953186, 0.4431767761707306, 0.468985378742218, 0.45779797434806824, 0.49036329984664917, 0.5043199062347412, 0.5089721083641052, 0.5282454490661621, 0.5410943627357483, 0.551284909248352, 0.5547186732292175, 0.5722197890281677, 0.5732166767120361, 0.5866193771362305, 0.5957022309303284, 0.6038990020751953, 0.6229507923126221, 0.6249446272850037, 0.63203364610672, 0.6284891366958618, 0.6473194360733032, 0.6437749266624451, 0.6691404581069946, 0.669029712677002, 0.6780017614364624, 0.6829862594604492, 0.6921798586845398, 0.6865307688713074, 0.7093486785888672, 0.7101240754127502, 0.7138901352882385, 0.7276251912117004, 0.7230837345123291, 0.7333850264549255, 0.725852906703949, 0.7507753372192383, 0.7473416328430176, 0.7524368762969971, 0.776362419128418, 0.7731502056121826, 0.7744793891906738, 0.7802392840385437, 0.7898759245872498, 0.7977403402328491, 0.7976295948028564, 0.8078201413154602, 0.7900974750518799, 0.813690721988678, 0.8115862011909485, 0.819118320941925, 0.8260965943336487, 0.8372840285301208, 0.8386132121086121, 0.8412715792655945, 0.8231058716773987, 0.8544527888298035, 0.8470314741134644, 0.8544527888298035, 0.8674125075340271, 0.8694062829017639, 0.8617634177207947, 0.8739477396011353, 0.8812583088874817, 0.8726184964179993, 0.887461245059967, 0.8757199645042419, 0.8836951851844788, 0.8810367584228516, 0.8739477396011353, 0.8853566646575928, 0.8952149152755737, 0.8941072225570679], "f1_m": [0.0, 0.0, 0.0, 0.0, 0.0, 0.0, 0.0, 0.0, 0.0, 0.0004333693941589445, 0.0021602807100862265, 0.0045339628122746944, 0.004333693999797106, 0.005782896187156439, 0.006678122561424971, 0.01034863106906414, 0.012568248435854912, 0.019808506593108177, 0.026883235201239586, 0.036658644676208496, 0.05354087054729462, 0.06634559482336044, 0.07344625890254974, 0.09042967110872269, 0.10363370180130005, 0.12627960741519928, 0.14895008504390717, 0.18353693187236786, 0.2101292759180069, 0.2440437525510788, 0.2801433801651001, 0.2859416902065277, 0.33577072620391846, 0.36671242117881775, 0.3828495740890503, 0.41019052267074585, 0.43579211831092834, 0.45577654242515564, 0.4698069989681244, 0.4935797154903412, 0.49901676177978516, 0.5280581116676331, 0.5308800339698792, 0.546152651309967, 0.5752795338630676, 0.5844553709030151, 0.5864603519439697, 0.5875203013420105, 0.6115825176239014, 0.6095902323722839, 0.6339331865310669, 0.6438352465629578, 0.6565359830856323, 0.6572742462158203, 0.6687172055244446, 0.672284722328186, 0.6882504224777222, 0.694858193397522, 0.695578932762146, 0.7102617025375366, 0.7121453881263733, 0.718410849571228, 0.7069409489631653, 0.739298403263092, 0.7367911338806152, 0.7472651600837708, 0.7691324353218079, 0.7670819163322449, 0.7688713073730469, 0.7736263871192932, 0.7831332087516785, 0.7923732399940491, 0.7881912589073181, 0.801351010799408, 0.7887428402900696, 0.8066573143005371, 0.8073559999465942, 0.8173111081123352, 0.8209165930747986, 0.8328937292098999, 0.8348698019981384, 0.8340553045272827, 0.8214781284332275, 0.8497879505157471, 0.8433864116668701, 0.8502697348594666, 0.8657257556915283, 0.8704141974449158, 0.8604733943939209, 0.8740890026092529, 0.8794321417808533, 0.87196946144104, 0.8821408152580261, 0.8741359710693359, 0.8827166557312012, 0.877869725227356, 0.8709957003593445, 0.8866868615150452, 0.8940349221229553, 0.8933512568473816],