{"loss": [0.15062811970710754, 0.15000666677951813, 0.14827294647693634, 0.14180700480937958, 0.13364511728286743, 0.1291121393442154, 0.12319428473711014, 0.11728385090827942, 0.10919047147035599, 0.10180983692407608, 0.09694631397724152, 0.08907362818717957, 0.08061506599187851, 0.07426484674215317, 0.07011432945728302, 0.06306180357933044, 0.057397447526454926, 0.054246656596660614, 0.04657718539237976, 0.04328718036413193, 0.04242806136608124, 0.03727121651172638, 0.032661620527505875, 0.029620354995131493, 0.02576506696641445, 0.023684808984398842, 0.02072891779243946, 0.019905507564544678, 0.01602872833609581, 0.015984484925866127, 0.01274909172207117, 0.0116331921890378, 0.01129968836903572, 0.010769404470920563, 0.0077202501706779, 0.007180917542427778, 0.006321434862911701, 0.005352425388991833, 0.016297271475195885, 0.004248603712767363, 0.003013578010722995, 0.0023901602253317833], "accuracy": [0.0807487815618515, 0.08994240313768387, 0.1449933499097824, 0.18331857025623322, 0.23172353208065033, 0.2556490898132324, 0.2991803288459778, 0.333850234746933, 0.38103678822517395, 0.4136021137237549, 0.4407399296760559, 0.4713114798069, 0.5238147974014282, 0.5571554899215698, 0.5808595418930054, 0.6227293014526367, 0.6550731062889099, 0.674014151096344, 0.7197607159614563, 0.7424678802490234, 0.748338520526886, 0.7744793891906738, 0.800509512424469, 0.8215551376342773, 0.8432654142379761, 0.8554497361183167, 0.8720647096633911, 0.8790429830551147, 0.9055161476135254, 0.9007532000541687, 0.9222419261932373, 0.9273371696472168, 0.9306601881980896, 0.9332078099250793, 0.9522596597671509, 0.9571333527565002, 0.9633362889289856, 0.9694284200668335, 0.9064022898674011, 0.9785112738609314, 0.9879264235496521, 0.9912494421005249], "f1_m": [0.0, 0.0, 0.0, 0.0, 0.0060122269205749035, 0.014672381803393364, 0.034024227410554886, 0.06532178819179535, 0.1283704787492752, 0.21213069558143616, 0.27368268370628357, 0.3487865924835205, 0.4232102930545807, 0.48476043343544006, 0.522259533405304, 0.5799817442893982, 0.6203128695487976, 0.6478485465049744, 0.6963014602661133, 0.7239644527435303, 0.7319069504737854, 0.7668572068214417, 0.7947728037834167, 0.8161555528640747, 0.8390920758247375, 0.8523736596107483, 0.870807945728302, 0.8772773742675781, 0.9044423699378967, 0.8991119265556335, 0.9230179190635681, 0.9286338090896606, 0.9288566708564758, 0.9345095753669739, 0.9522349238395691, 0.9574586153030396, 0.962935209274292, 0.9659529328346252, 0.9045751690864563, 0.9781558513641357, 0.987880527973175, 0.9908018708229065], "val_loss": [2.6984989643096924, 2.681204080581665, 2.622741937637329, 2.462223529815674, 2.3525116443634033, 2.2339396476745605, 2.1435961723327637, 2.1124582290649414, 1.9404770135879517, 1.7562090158462524, 1.7941526174545288, 1.614552617073059, 1.4330052137374878, 1.3307781219482422, 1.2846075296401978, 1.1806747913360596, 1.1342313289642334, 1.030595064163208, 0.9955057501792908, 1.676906704902649, 0.9569804072380066, 0.8800069689750671, 0.9913439154624939, 0.8658115267753601, 0.7824813723564148, 0.7728226184844971, 1.0974398851394653, 0.8174187541007996, 0.7293609380722046, 0.7298283576965332, 0.7185196280479431, 0.7035269141197205, 0.7587674856185913, 0.8042899370193481, 0.7644793391227722, 0.7410337924957275, 0.7196646332740784, 1.7630860805511475, 0.7155131101608276, 0.7516288161277771, 0.7283557653427124, 0.7445259690284729], "val_accuracy": [0.07766667008399963, 0.11599999666213989, 0.16733333468437195, 0.2029999941587448, 0.23666666448116302, 0.2926666736602783, 0.30533334612846375, 0.32233333587646484, 0.37533333897590637, 0.4416666626930237, 0.41466665267944336, 0.48233333230018616, 0.5423333048820496, 0.5630000233650208, 0.5993333458900452, 0.628333330154419, 0.6389999985694885, 0.6753333210945129, 0.6890000104904175, 0.49799999594688416, 0.7086666822433472, 0.7336666584014893, 0.6980000138282776, 0.7303333282470703, 0.7673333287239075, 0.7763333320617676, 0.6893333196640015, 0.7736666798591614, 0.7943333387374878, 0.7889999747276306, 0.8009999990463257, 0.8063333630561829, 0.7990000247955322, 0.7956666946411133, 0.8053333163261414, 0.812666654586792, 0.815666675567627, 0.6213333606719971, 0.8236666917800903, 0.8273333311080933, 0.8316666483879089, 0.8306666612625122], "val_f1_m": [0.0, 0.0, 0.0, 0.0039180670864880085, 0.014283586293458939, 0.030126621946692467, 0.06165587529540062, 0.1141052171587944, 0.21015861630439758, 0.2923092544078827, 0.32041865587234497, 0.3782743513584137, 0.47307926416397095, 0.5272676944732666, 0.5567228198051453, 0.5980774760246277, 0.6249998211860657, 0.6557546854019165, 0.6813480854034424, 0.4882412254810333, 0.6991292834281921, 0.7243850231170654, 0.6949655413627625, 0.7329658269882202, 0.7674279808998108, 0.7783226370811462, 0.6947872042655945, 0.7730131149291992, 0.7971389293670654, 0.7951949238777161, 0.8036588430404663, 0.8114532232284546, 0.8026425242424011, 0.7997057437896729, 0.8092777132987976, 0.8167127370834351, 0.8214736580848694, 0.6216188669204712, 0.8252943158149719, 0.8299089074134827, 0.8373143672943115, 0.8344156742095947]}