{"loss": [0.15040674805641174, 0.1484537273645401, 0.1429651379585266, 0.13723890483379364, 0.13149455189704895, 0.1283756047487259, 0.12299127876758575, 0.1170194149017334, 0.10951914638280869, 0.09948387742042542, 0.09380006045103073, 0.08767297863960266, 0.08493947237730026, 0.07490239292383194, 0.07173534482717514, 0.06698327511548996, 0.06350857764482498, 0.058951813727617264, 0.05818489193916321, 0.050770197063684464, 0.04983637481927872, 0.04632532596588135, 0.041645973920822144, 0.03780759871006012, 0.03538894280791283, 0.03565696254372597, 0.03222306817770004, 0.030488017946481705, 0.02737083099782467, 0.024006446823477745, 0.031217021867632866, 0.02280079387128353, 0.020058710128068924, 0.016963567584753036, 0.01687667705118656, 0.01805378496646881, 0.013030333444476128, 0.012205338105559349, 0.011929073370993137, 0.009663584642112255, 0.010459421202540398, 0.00856818351894617], "accuracy": [0.1150863990187645, 0.13635356724262238, 0.16770048439502716, 0.19096145033836365, 0.23715108633041382, 0.2537660598754883, 0.29585734009742737, 0.32487815618515015, 0.37162160873413086, 0.4189189076423645, 0.4438413679599762, 0.48205581307411194, 0.49878156185150146, 0.5575985908508301, 0.5772042274475098, 0.6044527888298035, 0.6276029944419861, 0.6466548442840576, 0.6587284207344055, 0.6984935998916626, 0.7064687609672546, 0.7313912510871887, 0.7504430413246155, 0.7723748087882996, 0.7893221378326416, 0.7878821492195129, 0.8052724599838257, 0.8201152086257935, 0.8367301821708679, 0.8565573692321777, 0.8206690549850464, 0.8648648858070374, 0.8769384026527405, 0.8992024660110474, 0.8963225483894348, 0.8954364061355591, 0.9239034056663513, 0.9282233119010925, 0.9284448623657227, 0.9467213153839111, 0.9384137988090515, 0.9519273638725281], "f1_m": [0.0, 0.0, 0.0021635638549923897, 0.006384385284036398, 0.010697804391384125, 0.020277896896004677, 0.041560906916856766, 0.0786677822470665, 0.13725519180297852, 0.2307995855808258, 0.30260467529296875, 0.35610654950141907, 0.3931886851787567, 0.4801020622253418, 0.5114104747772217, 0.5516839623451233, 0.5877898335456848, 0.611649215221405, 0.6274097561836243, 0.6777147650718689, 0.6886757016181946, 0.7107533812522888, 0.7372228503227234, 0.76341712474823, 0.7780764102935791, 0.7812086343765259, 0.7993291616439819, 0.8165068030357361, 0.8342720866203308, 0.8530846238136292, 0.8129482865333557, 0.8636853098869324, 0.8769795894622803, 0.9009494185447693, 0.8968268632888794, 0.8928678631782532, 0.922944962978363, 0.9279711246490479, 0.9287503957748413, 0.9461123943328857, 0.9383012056350708, 0.9510477781295776], "val_loss": [2.6883249282836914, 2.6266283988952637, 2.4709599018096924, 2.393594264984131, 2.3046061992645264, 2.21663236618042, 2.187807559967041, 2.0667507648468018, 1.8250242471694946, 1.7625010013580322, 1.7843921184539795, 1.5389974117279053, 1.5610675811767578, 1.505233883857727, 1.5807709693908691, 1.441304326057434, 1.261289119720459, 1.3386287689208984, 1.1934382915496826, 1.2393755912780762, 1.135844111442566, 1.0815356969833374, 1.0601986646652222, 1.2991046905517578, 0.9966747164726257, 1.0139390230178833, 1.0627645254135132, 0.9721695184707642, 1.0261588096618652, 1.255603551864624, 0.9888995885848999, 0.8696047067642212, 0.9236541390419006, 0.9018257856369019, 0.9565109610557556, 0.8859758377075195, 0.9176520109176636, 0.8702593445777893, 0.9553964734077454, 0.9348899722099304, 1.1106432676315308, 0.9150192737579346], "val_accuracy": [0.09033333510160446, 0.14533333480358124, 0.18533332645893097, 0.2029999941587448, 0.24666666984558105, 0.29499998688697815, 0.29899999499320984, 0.29366666078567505, 0.42399999499320984, 0.42899999022483826, 0.4116666615009308, 0.5163333415985107, 0.4806666672229767, 0.5, 0.4816666543483734, 0.5370000004768372, 0.5926666855812073, 0.5536666512489319, 0.6116666793823242, 0.6053333282470703, 0.6359999775886536, 0.6553333401679993, 0.6650000214576721, 0.5913333296775818, 0.6970000267028809, 0.6930000185966492, 0.6759999990463257, 0.715666651725769, 0.7013333439826965, 0.6470000147819519, 0.7203333377838135, 0.7406666874885559, 0.734333336353302, 0.7463333606719971, 0.7323333621025085, 0.7523333430290222, 0.7549999952316284, 0.7616666555404663, 0.7513333559036255, 0.753333330154419, 0.7293333411216736, 0.7736666798591614], "val_f1_m": [0.0, 0.0, 0.016228629276156425, 0.004674533382058144, 0.037585996091365814, 0.06441080570220947, 0.0907595306634903, 0.1462825983762741, 0.17771615087985992, 0.2744455933570862, 0.29138708114624023, 0.3773738741874695, 0.3870680034160614, 0.43650883436203003, 0.42593127489089966, 0.5122674703598022, 0.5612706542015076, 0.5246242880821228, 0.6038396954536438, 0.5863180160522461, 0.6219267845153809, 0.6441664695739746, 0.6633890271186829, 0.5906824469566345, 0.691282331943512, 0.6822823882102966, 0.6707291007041931, 0.7117365002632141, 0.6940566301345825, 0.6471072435379028, 0.7141147255897522, 0.7437704205513, 0.7389208078384399, 0.7448655962944031, 0.7371307611465454, 0.7566497325897217, 0.7586693167686462, 0.7660504579544067, 0.7532568573951721, 0.7558255195617676, 0.7304784655570984, 0.777724027633667]}