{"loss": [0.15078672766685486, 0.1506049633026123, 0.15042363107204437, 0.15019357204437256, 0.1498466283082962, 0.1493721306324005, 0.14861218631267548, 0.1473863571882248, 0.14538723230361938, 0.1424165666103363, 0.13894593715667725, 0.1357252597808838, 0.13367663323879242, 0.13213254511356354, 0.1302364319562912, 0.12859360873699188, 0.12675942480564117, 0.12335259467363358, 0.12009283900260925, 0.11613601446151733, 0.11240329593420029, 0.1093839630484581, 0.10792003571987152, 0.10419458150863647, 0.10215141624212265, 0.09993890672922134, 0.0963466688990593, 0.09433390200138092, 0.09305966645479202, 0.09027168154716492, 0.08701194822788239, 0.08920877426862717, 0.08253789693117142, 0.07993495464324951, 0.07935333251953125, 0.0758204236626625, 0.07501965016126633, 0.0740879699587822, 0.07217016816139221, 0.06958454102277756, 0.06981876492500305, 0.06820569932460785, 0.06544944643974304, 0.06449747830629349, 0.06106434762477875, 0.06049545854330063, 0.05955830588936806, 0.05833207815885544, 0.05731265991926193, 0.06026856601238251, 0.05520870164036751, 0.05325121060013771, 0.0523352175951004, 0.05047066509723663, 0.050306856632232666, 0.04940223693847656, 0.04651544615626335, 0.04685589298605919, 0.046105433255434036, 0.043899282813072205, 0.043822143226861954, 0.04223988950252533, 0.043173085898160934, 0.04041820019483566, 0.0397610180079937, 0.03873657062649727, 0.03631691634654999, 0.036396969109773636, 0.036266520619392395, 0.03466445952653885, 0.03371710330247879, 0.0329890176653862, 0.033433131873607635, 0.03222454711794853, 0.0324958860874176, 0.03002708964049816, 0.02994757704436779, 0.02907029166817665, 0.027085665613412857, 0.026516346260905266, 0.025736000388860703, 0.026004726067185402, 0.02641456015408039, 0.024068577215075493, 0.02429123967885971, 0.023046748712658882, 0.022424738854169846, 0.020813515409827232, 0.021723998710513115, 0.02031903900206089, 0.019671618938446045, 0.020275559276342392, 0.01954744942486286, 0.019219009205698967, 0.01917501911520958, 0.018746644258499146, 0.019589237868785858, 0.01734921522438526, 0.01704752817749977, 0.015348781831562519], "accuracy": [0.06845369935035706, 0.06845369935035706, 0.07598581910133362, 0.0979175865650177, 0.10810811072587967, 0.10622508078813553, 0.12793530523777008, 0.1423349529504776, 0.14776252210140228, 0.17080195248126984, 0.18929995596408844, 0.2120070904493332, 0.22596366703510284, 0.2354895919561386, 0.24335400760173798, 0.254652202129364, 0.26196277141571045, 0.28311917185783386, 0.29762959480285645, 0.3165706694126129, 0.34071776270866394, 0.35644662380218506, 0.3627603054046631, 0.3849135935306549, 0.39410722255706787, 0.3963225483894348, 0.4209127128124237, 0.4397430121898651, 0.4395214915275574, 0.4590163826942444, 0.4774036407470703, 0.4630039930343628, 0.5040983557701111, 0.5145103931427002, 0.5198271870613098, 0.5420912504196167, 0.5457465648651123, 0.5530571341514587, 0.566127598285675, 0.5753211975097656, 0.5738812685012817, 0.590053141117096, 0.6035667061805725, 0.6110988259315491, 0.629818320274353, 0.6360212564468384, 0.6355782151222229, 0.6503101587295532, 0.6580638289451599, 0.6412273049354553, 0.6644882559776306, 0.6752325892448425, 0.6857554316520691, 0.6927337050437927, 0.6922906637191772, 0.6998227834701538, 0.7158839106559753, 0.711010217666626, 0.7174346446990967, 0.730505108833313, 0.7274036407470703, 0.7348250150680542, 0.733828067779541, 0.7511076927185059, 0.7512184381484985, 0.7608551383018494, 0.7768055200576782, 0.7680549621582031, 0.7725963592529297, 0.782676100730896, 0.7909836173057556, 0.7945281267166138, 0.7893221378326416, 0.7968542575836182, 0.7953035235404968, 0.8088170289993286, 0.8116969466209412, 0.8089277744293213, 0.8287549614906311, 0.8354009985923767, 0.8387239575386047, 0.8360655903816223, 0.8325210213661194, 0.8507975339889526, 0.8443730473518372, 0.8584403991699219, 0.8589942455291748, 0.8697385787963867, 0.8622064590454102, 0.870181679725647, 0.8774922490119934, 0.8743907809257507, 0.8813690543174744, 0.8800398707389832, 0.8822551965713501, 0.8802614212036133, 0.8751661777496338, 0.8914488554000854, 0.8962118029594421, 0.9027470350265503], "f1_m": [0.0, 0.0, 0.0, 0.0, 0.0, 0.0, 0.0, 0.0, 0.0, 0.0006500540766865015, 0.0032404211815446615, 0.004967332351952791, 0.004547095857560635, 0.006448496598750353, 0.006862172391265631, 0.0073152403347194195, 0.012189678847789764, 0.018504543229937553, 0.02621585503220558, 0.03764718398451805, 0.056251488626003265, 0.07471002638339996, 0.08742661774158478, 0.10801663994789124, 0.12746337056159973, 0.1614982783794403, 0.19391801953315735, 0.22716675698757172, 0.25047221779823303, 0.27603814005851746, 0.3179531395435333, 0.3060886859893799, 0.3671303689479828, 0.388855516910553, 0.4082094430923462, 0.44452354311943054, 0.4554542303085327, 0.46973520517349243, 0.4773131310939789, 0.5068768262863159, 0.5068513751029968, 0.5343890190124512, 0.5480024814605713, 0.5600073933601379, 0.5869240760803223, 0.5901865363121033, 0.6025809645652771, 0.6134823560714722, 0.6227513551712036, 0.5991250872612, 0.6338034868240356, 0.646867036819458, 0.659792959690094, 0.6694263219833374, 0.6762800216674805, 0.6843569278717041, 0.7012885808944702, 0.6947755813598633, 0.7010334134101868, 0.7126449942588806, 0.7163861393928528, 0.7269521951675415, 0.719387412071228, 0.7392266988754272, 0.7412166595458984, 0.7519739270210266, 0.7660146355628967, 0.7622901797294617, 0.7664759755134583, 0.7773935198783875, 0.7817641496658325, 0.7838245630264282, 0.7870969176292419, 0.7912986874580383, 0.7913075685501099, 0.8002694845199585, 0.8021261692047119, 0.8111577033996582, 0.8253429532051086, 0.831657350063324, 0.8312051892280579, 0.8326298594474792, 0.83010333776474, 0.8455438017845154, 0.8412761092185974, 0.8496990203857422, 0.8580155372619629, 0.8687384724617004, 0.8623576164245605, 0.8665039539337158, 0.8737466931343079, 0.8712064623832703, 0.8785697817802429, 0.8767458200454712, 0.8824818730354309, 0.8802483677864075, 0.8731926083564758, 0.8908904790878296, 0.894628643989563, 0.9020009636878967],