{"loss": [7.373525619506836, 6.3550262451171875, 5.733688831329346, 5.329891681671143, 4.973984718322754, 4.742054462432861, 4.552277565002441, 4.4267578125, 4.297036170959473, 4.215836048126221, 4.1767897605896, 4.064950466156006, 4.017975330352783, 3.9763119220733643, 3.9156112670898438], "val_loss": [4.962190628051758, 4.4974894523620605, 4.274806022644043, 4.2728447914123535, 4.246447563171387, 4.263448238372803, 4.2804036140441895, 4.35158634185791, 4.348587512969971, 4.383468151092529, 4.427609443664551, 4.455076694488525, 4.561824798583984, 4.5443220138549805, 4.662755966186523]}