{"loss": [0.15022847056388855, 0.14599351584911346, 0.13610967993736267, 0.12686988711357117, 0.11860770732164383, 0.11014801263809204, 0.10102568566799164, 0.09368167072534561, 0.08269751816987991, 0.0751582607626915, 0.06750956922769547, 0.06397534161806107, 0.055520202964544296, 0.04692576080560684, 0.0401666983962059, 0.0346808098256588, 0.031195271760225296, 0.02764704078435898, 0.02350440062582493, 0.020719455555081367, 0.016541283577680588, 0.014853422529995441, 0.012414420023560524, 0.00954754464328289, 0.007778289262205362, 0.006367402616888285, 0.0052506946958601475, 0.005519877653568983, 0.0035217711701989174, 0.002666187472641468, 0.002083508763462305, 0.0021592017728835344, 0.0015821057604625821], "accuracy": [0.07332742214202881, 0.1345812976360321, 0.21577315032482147, 0.28754985332489014, 0.33894550800323486, 0.38668587803840637, 0.4327647387981415, 0.4683207869529724, 0.5243686437606812, 0.5688967704772949, 0.6126495599746704, 0.6367966532707214, 0.6852015852928162, 0.7260744571685791, 0.7749224901199341, 0.7987372875213623, 0.8182321786880493, 0.8357332944869995, 0.8656402230262756, 0.8784891366958618, 0.9037439227104187, 0.9145990014076233, 0.9288879036903381, 0.9497119784355164, 0.9597917795181274, 0.9684315323829651, 0.9764067530632019, 0.9723083972930908, 0.9857110977172852, 0.9901418089866638, 0.9940186142921448, 0.993132472038269, 0.9955693483352661], "f1_m": [0.0, 0.00021668469707947224, 0.006646709982305765, 0.01911468803882599, 0.07191593945026398, 0.14403320848941803, 0.23657755553722382, 0.31542742252349854, 0.4098154306411743, 0.4820786714553833, 0.5563523769378662, 0.5796933174133301, 0.649151623249054, 0.7057652473449707, 0.7549832463264465, 0.791077196598053, 0.8135579228401184, 0.8356572389602661, 0.8637309670448303, 0.8768524527549744, 0.901687502861023, 0.9144529700279236, 0.9275385737419128, 0.9493274688720703, 0.9593480229377747, 0.9677704572677612, 0.9742133021354675, 0.9719878435134888, 0.9854270219802856, 0.9907585382461548, 0.9940285682678223, 0.9925999045372009, 0.9955812096595764], "val_loss": [2.673598051071167, 2.51241397857666, 2.3269169330596924, 2.230570077896118, 2.1638150215148926, 1.9995148181915283, 1.8380168676376343, 1.6505635976791382, 1.5354902744293213, 1.3223545551300049, 1.7512798309326172, 1.3964179754257202, 1.1506718397140503, 1.0441954135894775, 1.1166192293167114, 1.1786928176879883, 1.014375925064087, 0.9520410299301147, 0.9821721911430359, 0.8528158068656921, 0.885900616645813, 1.0139201879501343, 0.8519799709320068, 0.8708327412605286, 0.8770516514778137, 0.8719294667243958, 0.9207952618598938, 0.9411463141441345, 0.9758318066596985, 0.9913091063499451, 0.9974295496940613, 0.9953341484069824, 0.9862149953842163], "val_accuracy": [0.1586666703224182, 0.19233334064483643, 0.28600001335144043, 0.2840000092983246, 0.3190000057220459, 0.37966665625572205, 0.41200000047683716, 0.492333322763443, 0.5080000162124634, 0.5833333134651184, 0.4623333215713501, 0.5619999766349792, 0.640333354473114, 0.6800000071525574, 0.6573333144187927, 0.6520000100135803, 0.7036666870117188, 0.7106666564941406, 0.7076666951179504, 0.7459999918937683, 0.7583333253860474, 0.731333315372467, 0.7616666555404663, 0.7693333625793457, 0.7710000276565552, 0.7796666622161865, 0.7749999761581421, 0.7770000100135803, 0.7680000066757202, 0.7839999794960022, 0.777999997138977, 0.7826666831970215, 0.7879999876022339], "val_f1_m": [0.0, 0.014861819334328175, 0.01860983483493328, 0.0397411473095417, 0.14738574624061584, 0.2299536019563675, 0.2893452048301697, 0.34841540455818176, 0.43005385994911194, 0.5287998914718628, 0.42997756600379944, 0.5262909531593323, 0.6123554110527039, 0.6652674078941345, 0.6505764126777649, 0.6507702469825745, 0.7056699991226196, 0.7082460522651672, 0.7171617150306702, 0.7543895244598389, 0.7559667825698853, 0.738588273525238, 0.7679648995399475, 0.7741521596908569, 0.7778757810592651, 0.7805487513542175, 0.7799549698829651, 0.7812539935112, 0.7719911336898804, 0.7888334393501282, 0.7814929485321045, 0.7859492897987366, 0.7942533493041992]}