{"loss": [7.023379802703857, 6.203023910522461, 5.6800079345703125, 5.334073543548584, 5.0836663246154785, 4.858269691467285, 4.72646951675415, 4.525468826293945, 4.428738594055176, 4.378684997558594, 4.300268650054932, 4.220428943634033, 4.1767578125, 4.080115795135498, 3.9970431327819824, 4.003728866577148, 4.013391017913818, 3.9779865741729736, 3.966339111328125, 3.9228086471557617, 3.8930177688598633, 3.906271457672119, 3.8923861980438232, 3.8782219886779785, 3.839071273803711, 3.849976062774658, 3.800790548324585, 3.846545457839966, 3.8212361335754395, 3.8238844871520996, 3.773535966873169, 3.719085693359375, 3.8095219135284424, 3.790374755859375, 3.7896907329559326, 3.7612369060516357, 3.769737958908081, 3.782834053039551, 3.7278285026550293, 3.744520664215088, 3.7450125217437744, 3.7805569171905518, 3.741788864135742, 3.7215585708618164, 3.692507743835449, 3.729991912841797, 3.740309476852417, 3.7901790142059326, 3.7218270301818848, 3.7566356658935547, 3.692481517791748, 3.7186295986175537, 3.7316062450408936], "val_loss": [4.321981430053711, 3.583005666732788, 3.0965542793273926, 2.726715087890625, 2.4445269107818604, 2.202787160873413, 2.012507915496826, 1.8538267612457275, 1.7279762029647827, 1.6297814846038818, 1.5459072589874268, 1.4626134634017944, 1.4155254364013672, 1.3555350303649902, 1.3127063512802124, 1.2865040302276611, 1.245809555053711, 1.2134435176849365, 1.189133644104004, 1.1797949075698853, 1.15900719165802, 1.1449792385101318, 1.13028085231781, 1.1172094345092773, 1.106067180633545, 1.1056549549102783, 1.0952236652374268, 1.081984281539917, 1.0763226747512817, 1.0751005411148071, 1.0638093948364258, 1.0620532035827637, 1.0575491189956665, 1.0538114309310913, 1.0510023832321167, 1.0498154163360596, 1.0446088314056396, 1.0421416759490967, 1.0489552021026611, 1.0408439636230469, 1.0468902587890625, 1.0451774597167969, 1.0321695804595947, 1.047291874885559, 1.0484106540679932, 1.040023684501648, 1.0356228351593018, 1.0483511686325073, 1.0359416007995605, 1.041266679763794, 1.0484509468078613, 1.0433343648910522, 1.038596272468567]}