{"loss": [0.15056847035884857, 0.1493561565876007, 0.1459933966398239, 0.1413203924894333, 0.1357591152191162, 0.13038426637649536, 0.12789279222488403, 0.1192905455827713, 0.11380463093519211, 0.10638449341058731, 0.09907963126897812, 0.09312423318624496, 0.08935382962226868, 0.08520375192165375, 0.08035209774971008, 0.07550450414419174, 0.06984035670757294, 0.06812086701393127, 0.06055334582924843, 0.058853406459093094, 0.05453275516629219, 0.05232210457324982, 0.04835803061723709, 0.04498586058616638, 0.04371747002005577, 0.03987343609333038, 0.03602328896522522, 0.03430265188217163, 0.03181435167789459, 0.031406596302986145, 0.028093725442886353, 0.0261013712733984, 0.02270255610346794, 0.028201008215546608, 0.020697850733995438, 0.019047673791646957, 0.01722201146185398, 0.01479348260909319, 0.01479311566799879, 0.012196221388876438, 0.012045667506754398, 0.011124356649816036, 0.012499857693910599, 0.008502736687660217, 0.008487902581691742, 0.007566351443529129, 0.006539803463965654, 0.005604519974440336, 0.007200346793979406, 0.005394461564719677], "accuracy": [0.0989144891500473, 0.12671688199043274, 0.13535666465759277, 0.16814355552196503, 0.2244129329919815, 0.2527691721916199, 0.26860877871513367, 0.31214001774787903, 0.34093931317329407, 0.3839167058467865, 0.42046964168548584, 0.4563579857349396, 0.4774036407470703, 0.5043199062347412, 0.5266947150230408, 0.5578201413154602, 0.5849578976631165, 0.5919361710548401, 0.636685848236084, 0.6495347619056702, 0.6774479150772095, 0.6900753378868103, 0.7085733413696289, 0.734381914138794, 0.7396987080574036, 0.7576428651809692, 0.7851129770278931, 0.793641984462738, 0.8105892539024353, 0.8069339990615845, 0.829862654209137, 0.8439300060272217, 0.8639787435531616, 0.8348471522331238, 0.8763845562934875, 0.8829197883605957, 0.897651731967926, 0.9134913682937622, 0.9111652374267578, 0.9321001172065735, 0.930881679058075, 0.933318555355072, 0.9283340573310852, 0.9519273638725281, 0.9518165588378906, 0.9581302404403687, 0.9651085734367371, 0.9714222550392151, 0.9618963003158569, 0.9710899591445923], "f1_m": [0.0, 0.0, 0.0, 0.0019501622300595045, 0.008818802423775196, 0.01450335793197155, 0.019926801323890686, 0.041423648595809937, 0.08556818217039108, 0.14618726074695587, 0.21853472292423248, 0.2919560968875885, 0.33261510729789734, 0.379592627286911, 0.42275890707969666, 0.4742431044578552, 0.523344874382019, 0.5430172681808472, 0.5988021492958069, 0.621439516544342, 0.6490297317504883, 0.6633067727088928, 0.6997492909431458, 0.721659779548645, 0.7293479442596436, 0.7516157031059265, 0.7763601541519165, 0.7921512126922607, 0.8036049008369446, 0.8041306734085083, 0.8311118483543396, 0.8422181010246277, 0.8596310615539551, 0.8271608352661133, 0.8777787089347839, 0.8830013871192932, 0.8991784453392029, 0.9114921689033508, 0.9126770496368408, 0.9291977286338806, 0.9299807548522949, 0.9332138895988464, 0.9286003708839417, 0.9518684148788452, 0.9501250386238098, 0.9582614898681641, 0.9646522402763367, 0.9711021184921265, 0.961222767829895, 0.9701693058013916], "val_loss": [2.695611000061035, 2.658294200897217, 2.5807926654815674, 2.4774279594421387, 2.362882137298584, 2.3572959899902344, 2.212348699569702, 2.0363926887512207, 2.092900276184082, 1.7961221933364868, 1.716302752494812, 1.7721303701400757, 1.646136999130249, 1.5481407642364502, 1.4079103469848633, 1.6068226099014282, 1.3483970165252686, 1.3231068849563599, 1.3302881717681885, 1.1676362752914429, 1.2679412364959717, 1.1512998342514038, 1.2783082723617554, 1.0855848789215088, 1.1358839273452759, 1.0780386924743652, 1.2371653318405151, 1.0259324312210083, 1.0526487827301025, 1.0467586517333984, 0.9253925681114197, 0.9344484806060791, 1.0108126401901245, 0.8996616005897522, 0.9770926833152771, 0.8940666317939758, 0.9576531648635864, 0.8856394290924072, 0.9006699323654175, 0.8535972237586975, 0.9492529034614563, 1.0794832706451416, 0.9161011576652527, 1.056911826133728, 1.0495375394821167, 0.9933878779411316, 0.9778451919555664, 0.9246191382408142, 1.0310883522033691, 1.013594627380371], "val_accuracy": [0.1066666692495346, 0.11666666716337204, 0.1496666669845581, 0.19099999964237213, 0.2253333330154419, 0.2409999966621399, 0.265666663646698, 0.37299999594688416, 0.30533334612846375, 0.4313333332538605, 0.44699999690055847, 0.42399999499320984, 0.46833333373069763, 0.4866666793823242, 0.5540000200271606, 0.46700000762939453, 0.5580000281333923, 0.5886666774749756, 0.5816666483879089, 0.6309999823570251, 0.5973333120346069, 0.6433333158493042, 0.5996666550636292, 0.6690000295639038, 0.653333306312561, 0.6723333597183228, 0.6336666941642761, 0.7039999961853027, 0.6986666917800903, 0.6830000281333923, 0.7239999771118164, 0.7269999980926514, 0.7126666903495789, 0.7360000014305115, 0.7279999852180481, 0.7559999823570251, 0.7396666407585144, 0.7519999742507935, 0.7546666860580444, 0.7786666750907898, 0.7459999918937683, 0.7300000190734863, 0.7666666507720947, 0.7369999885559082, 0.7450000047683716, 0.7590000033378601, 0.7620000243186951, 0.7860000133514404, 0.7646666765213013, 0.7693333625793457], "val_f1_m": [0.0, 0.0, 0.0006546644144691527, 0.01667475886642933, 0.01910272240638733, 0.06812041997909546, 0.050637032836675644, 0.0726793110370636, 0.165263831615448, 0.19261394441127777, 0.269817054271698, 0.278376042842865, 0.35906052589416504, 0.4085012376308441, 0.4555455148220062, 0.4148794412612915, 0.5131847858428955, 0.5221027731895447, 0.5497037768363953, 0.6087827086448669, 0.5765051245689392, 0.6311433911323547, 0.578980565071106, 0.6552653312683105, 0.6408185362815857, 0.6726611852645874, 0.6247022747993469, 0.6987929940223694, 0.6898038387298584, 0.6808886528015137, 0.7240872383117676, 0.7282103896141052, 0.7078238725662231, 0.7356116771697998, 0.7302387952804565, 0.7544494271278381, 0.7412840723991394, 0.7582705616950989, 0.7540634870529175, 0.77896648645401, 0.7507104277610779, 0.7330095171928406, 0.7668550610542297, 0.7423058152198792, 0.7492812871932983, 0.7609004378318787, 0.7630357146263123, 0.7864816784858704, 0.7676412463188171, 0.772850513458252]}