{"loss": [0.15070171654224396, 0.15024295449256897, 0.1491321325302124, 0.14591094851493835, 0.13929383456707, 0.1310347318649292, 0.12450544536113739, 0.11778142303228378, 0.11382372677326202, 0.11123881489038467, 0.10729508101940155, 0.09852969646453857, 0.09483920782804489, 0.09111897647380829, 0.08570203930139542, 0.08097925782203674, 0.07856819778680801, 0.07301472127437592, 0.07197509706020355, 0.07003378868103027, 0.0655079185962677, 0.061879318207502365, 0.0636959969997406, 0.057658955454826355, 0.054591450840234756, 0.052458468824625015, 0.049759190529584885, 0.04739439859986305, 0.04411890357732773, 0.04217806085944176, 0.040117595344781876, 0.03918669745326042, 0.04179362207651138, 0.03630786016583443, 0.03512928634881973, 0.0391203910112381, 0.03045351430773735, 0.029314709827303886, 0.02773134782910347, 0.028560159727931023, 0.025702835991978645, 0.025360606610774994, 0.023244399577379227, 0.020951397716999054, 0.021268965676426888, 0.022123975679278374, 0.01896383985877037, 0.018817033618688583, 0.015837665647268295, 0.017513111233711243, 0.016969764605164528, 0.013659579679369926, 0.013850821182131767, 0.01341879554092884, 0.012223870493471622, 0.013172658160328865, 0.012495074421167374, 0.010160312987864017, 0.013483075425028801, 0.010811591520905495, 0.010195670649409294, 0.008037270046770573, 0.007181159220635891], "accuracy": [0.08152414858341217, 0.10844040662050247, 0.1355782002210617, 0.14632254838943481, 0.1729065179824829, 0.22939743101596832, 0.25963670015335083, 0.30062028765678406, 0.32354897260665894, 0.3365086317062378, 0.3510190546512604, 0.41205140948295593, 0.41980504989624023, 0.4532565474510193, 0.478179007768631, 0.5099689960479736, 0.5222640633583069, 0.5597031712532043, 0.5562694072723389, 0.5772042274475098, 0.5958130359649658, 0.6194062829017639, 0.6159725189208984, 0.6470979452133179, 0.6652636528015137, 0.6768941283226013, 0.6906291246414185, 0.7045857310295105, 0.7234160304069519, 0.734381914138794, 0.7504430413246155, 0.7508861422538757, 0.7344927191734314, 0.7689410448074341, 0.7817899584770203, 0.7576428651809692, 0.8082631826400757, 0.8160168528556824, 0.8231058716773987, 0.8164598941802979, 0.8357332944869995, 0.8394993543624878, 0.8533451557159424, 0.8663048148155212, 0.8637571930885315, 0.860877275466919, 0.8766061067581177, 0.8776029944419861, 0.9020823836326599, 0.8884581327438354, 0.8916703462600708, 0.9131590723991394, 0.9111652374267578, 0.9143775105476379, 0.9236818552017212, 0.9192512035369873, 0.9170358777046204, 0.9345369935035706, 0.9159282445907593, 0.9322109222412109, 0.9383030533790588, 0.9467213153839111, 0.953367292881012], "f1_m": [0.0, 0.0, 0.0, 0.0, 0.000866738788317889, 0.004760497249662876, 0.010382273234426975, 0.022189216688275337, 0.04526553675532341, 0.06723564118146896, 0.1088680848479271, 0.1745266169309616, 0.24528546631336212, 0.2884678244590759, 0.3545079827308655, 0.39886799454689026, 0.43019500374794006, 0.48582717776298523, 0.492584764957428, 0.5190104842185974, 0.5524113178253174, 0.5824628472328186, 0.56851726770401, 0.6157240271568298, 0.6410248279571533, 0.6518336534500122, 0.6726793050765991, 0.6957400441169739, 0.7097837924957275, 0.7264382243156433, 0.7379139065742493, 0.7431020736694336, 0.7229523658752441, 0.7632383108139038, 0.7771294713020325, 0.7531183362007141, 0.8026595115661621, 0.8151564002037048, 0.8222038745880127, 0.8152326941490173, 0.8311671018600464, 0.8344056010246277, 0.8530628681182861, 0.865599513053894, 0.8606814742088318, 0.85758376121521, 0.8767905831336975, 0.8779648542404175, 0.8997331261634827, 0.8883751034736633, 0.8938617706298828, 0.9116762280464172, 0.9088027477264404, 0.9143600463867188, 0.925875723361969, 0.9200251698493958, 0.9190158247947693, 0.932996392250061, 0.9137850403785706, 0.9325853586196899, 0.9381864070892334, 0.9458576440811157, 0.9546475410461426], "val_loss": [2.700972318649292, 2.689669132232666, 2.656582832336426, 2.553067922592163, 2.410877227783203, 2.403047800064087, 2.136655330657959, 2.0378363132476807, 2.3971915245056152, 1.9587384462356567, 1.890369176864624, 1.6860783100128174, 2.0023531913757324, 1.5988644361495972, 1.8267879486083984, 1.7088080644607544, 1.3695064783096313, 1.5170903205871582, 1.3620755672454834, 1.1841295957565308, 1.1945465803146362, 1.4912785291671753, 1.4701350927352905, 1.0448812246322632, 1.0587921142578125, 1.0923008918762207, 1.381588339805603, 1.1316237449645996, 0.9155585765838623, 1.01801335811615, 0.8943361043930054, 1.0300915241241455, 0.936794102191925, 0.8367382884025574, 1.133125901222229, 0.798505425453186, 0.7223519086837769, 0.9288139939308167, 0.9191011786460876, 0.7073789238929749, 0.8580273389816284, 0.7970638871192932, 0.7070028185844421, 0.6934961676597595, 0.9595836400985718, 0.772638738155365, 0.7492628693580627, 0.6772915720939636, 0.7447718381881714, 0.6610563397407532, 0.642643392086029, 0.7010223865509033, 0.634031355381012, 0.7838384509086609, 0.7464150190353394, 0.6370648741722107, 0.6684315800666809, 0.6769269704818726, 0.6961076855659485, 0.6483333110809326, 0.6550692915916443, 0.6777715086936951, 0.6742124557495117], "val_accuracy": [0.1066666692495346, 0.15066666901111603, 0.19900000095367432, 0.18666666746139526, 0.2043333351612091, 0.17633333802223206, 0.2926666736602783, 0.34200000762939453, 0.20866666734218597, 0.3553333282470703, 0.3763333261013031, 0.4463333189487457, 0.3476666808128357, 0.47333332896232605, 0.3866666555404663, 0.4413333237171173, 0.5583333373069763, 0.4973333477973938, 0.565666675567627, 0.6209999918937683, 0.6209999918937683, 0.515666663646698, 0.5333333611488342, 0.6539999842643738, 0.6639999747276306, 0.6543333530426025, 0.562333345413208, 0.6446666717529297, 0.7059999704360962, 0.6666666865348816, 0.7103333473205566, 0.6503333449363708, 0.7093333601951599, 0.7383333444595337, 0.6383333206176758, 0.7526666522026062, 0.7706666588783264, 0.7203333377838135, 0.7120000123977661, 0.7893333435058594, 0.7403333187103271, 0.7603333592414856, 0.7900000214576721, 0.7963333129882812, 0.7239999771118164, 0.7703333497047424, 0.778333306312561, 0.800000011920929, 0.7903333306312561, 0.8106666803359985, 0.8140000104904175, 0.8043333292007446, 0.8230000138282776, 0.778333306312561, 0.7953333258628845, 0.8333333134651184, 0.8256666660308838, 0.8236666917800903, 0.8266666531562805, 0.8336666822433472, 0.8266666531562805, 0.8336666822433472, 0.8306666612625122], "val_f1_m": [0.0, 0.0, 0.0, 0.0, 0.0013093288289383054, 0.03305468708276749, 0.033459994941949844, 0.05546341463923454, 0.08389589935541153, 0.11894254386425018, 0.11620727181434631, 0.25361737608909607, 0.22509640455245972, 0.34356406331062317, 0.2791493237018585, 0.3316585123538971, 0.4639223515987396, 0.42996442317962646, 0.5134570002555847, 0.5581986308097839, 0.5681602954864502, 0.47175654768943787, 0.49758368730545044, 0.6326264142990112, 0.6433124542236328, 0.6392015218734741, 0.5462092161178589, 0.6321849822998047, 0.6914786696434021, 0.661371648311615, 0.7078924179077148, 0.6410892009735107, 0.6965419054031372, 0.7378719449043274, 0.6378427147865295, 0.7523254156112671, 0.7707997560501099, 0.719353199005127, 0.7077125310897827, 0.7910533547401428, 0.7374194264411926, 0.7600546479225159, 0.7896981835365295, 0.7960902452468872, 0.7287811636924744, 0.7714433073997498, 0.7853942513465881, 0.8018189072608948, 0.7940155267715454, 0.8145121335983276, 0.8105490803718567, 0.80516117811203, 0.8270586133003235, 0.7848187685012817, 0.7960227131843567, 0.8383746147155762, 0.8280739188194275, 0.8288789987564087, 0.8264656066894531, 0.8369268178939819, 0.8302322626113892, 0.8376958966255188, 0.8349425196647644]}