{"loss": [0.15078628063201904, 0.15046575665473938, 0.15011566877365112, 0.14959816634655, 0.14881731569766998, 0.1474156677722931, 0.1447962522506714, 0.1406158059835434, 0.13535159826278687, 0.13208365440368652, 0.12918314337730408, 0.12712880969047546, 0.12400149554014206, 0.12084264308214188, 0.11777129769325256, 0.11384810507297516, 0.10920506715774536, 0.10473740845918655, 0.09961803257465363, 0.09472595900297165, 0.09133511781692505, 0.08733892440795898, 0.08351272344589233, 0.08063647896051407, 0.07912223041057587, 0.07374390214681625, 0.07030458748340607, 0.06954456120729446, 0.06476946175098419, 0.06208976358175278, 0.06403560191392899, 0.05828877538442612, 0.05519731715321541, 0.05234210565686226, 0.051183681935071945, 0.04861193522810936, 0.046338748186826706, 0.04336028918623924, 0.0434536412358284, 0.03981795907020569, 0.037211306393146515, 0.037367988377809525, 0.03351709619164467, 0.0337412990629673, 0.033132392913103104, 0.02941259741783142, 0.02805292047560215, 0.029367029666900635, 0.025904281064867973, 0.027078112587332726, 0.022530609741806984, 0.02194804884493351, 0.022825166583061218, 0.02111254818737507, 0.01923144981265068, 0.01781955547630787, 0.018886564299464226, 0.015574829652905464, 0.014489778317511082, 0.016428889706730843, 0.013684161007404327, 0.012462504208087921, 0.013132860884070396, 0.013006315566599369, 0.0106432493776083, 0.01786038465797901, 0.010039936751127243, 0.009222792461514473, 0.008134120143949986, 0.007567788008600473, 0.007898497395217419, 0.007556817028671503, 0.0064317649230360985, 0.006165515631437302, 0.005701082292944193, 0.00523563614115119, 0.005921312607824802, 0.004337418358772993], "accuracy": [0.08617634326219559, 0.09282232820987701, 0.10079751908779144, 0.08030571788549423, 0.12206468731164932, 0.15706689655780792, 0.20059813559055328, 0.20912715792655945, 0.24723084270954132, 0.2537660598754883, 0.2809038460254669, 0.28544527292251587, 0.3094816207885742, 0.3176783323287964, 0.34337615966796875, 0.3601019084453583, 0.38380593061447144, 0.40463003516197205, 0.42888790369033813, 0.45846256613731384, 0.4720868468284607, 0.49889233708381653, 0.5127381682395935, 0.5297961831092834, 0.5355560183525085, 0.5680106282234192, 0.5906069874763489, 0.5922685265541077, 0.6209570169448853, 0.6353566646575928, 0.6198493838310242, 0.6585068702697754, 0.6745679974555969, 0.6940628886222839, 0.698715090751648, 0.7117855548858643, 0.7271820902824402, 0.7391448616981506, 0.7383695244789124, 0.7649534940719604, 0.7773593068122864, 0.7748116850852966, 0.8001772165298462, 0.7968542575836182, 0.7968542575836182, 0.826871931552887, 0.8344040513038635, 0.8192290663719177, 0.8422685265541077, 0.8354009985923767, 0.8665263652801514, 0.8648648858070374, 0.8607665300369263, 0.873504638671875, 0.8821444511413574, 0.8951041102409363, 0.8831413388252258, 0.9088391661643982, 0.913048267364502, 0.8979840278625488, 0.916038990020752, 0.9255648851394653, 0.9167035818099976, 0.9203588962554932, 0.9345369935035706, 0.8918918967247009, 0.938524603843689, 0.9455028772354126, 0.9540318846702576, 0.9576871991157532, 0.954142689704895, 0.9544749855995178, 0.9642224311828613, 0.9674346446990967, 0.9710899591445923, 0.973637580871582, 0.966548502445221, 0.9791759252548218], "f1_m": [0.0, 0.0, 0.0, 0.0, 0.0, 0.0, 0.0, 0.00021668469707947224, 0.004543812479823828, 0.009028919972479343, 0.011937245726585388, 0.011929967440664768, 0.016578610986471176, 0.028015654534101486, 0.0392383337020874, 0.07010919600725174, 0.11244014650583267, 0.16210365295410156, 0.21022213995456696, 0.259536474943161, 0.3143340051174164, 0.3547877073287964, 0.3891332745552063, 0.4227100908756256, 0.43765419721603394, 0.49262386560440063, 0.5161264538764954, 0.5303767323493958, 0.5652326941490173, 0.5850057005882263, 0.5734429955482483, 0.6176266074180603, 0.6389827132225037, 0.6625826954841614, 0.6694046258926392, 0.6943024396896362, 0.7041541337966919, 0.7199851274490356, 0.7214170098304749, 0.7518039345741272, 0.7635070085525513, 0.7651054263114929, 0.789858341217041, 0.7891793847084045, 0.7927107810974121, 0.8204768896102905, 0.8276941180229187, 0.8184452056884766, 0.8401520848274231, 0.8326456546783447, 0.8631465435028076, 0.8643065094947815, 0.8568472862243652, 0.8694678544998169, 0.8834457993507385, 0.8898259997367859, 0.8834272623062134, 0.9080475568771362, 0.9111423492431641, 0.8995792269706726, 0.9138841032981873, 0.9245460629463196, 0.9138306379318237, 0.9210626482963562, 0.9356076717376709, 0.8924129009246826, 0.94074946641922, 0.947084903717041, 0.9554850459098816, 0.9577705264091492, 0.9543139934539795, 0.9530689120292664, 0.9649719595909119, 0.9681339263916016, 0.9704715609550476, 0.9731050729751587, 0.9669275283813477, 0.9792518019676208], "val_loss": [2.70334792137146, 2.697892189025879, 2.690764904022217, 2.679434061050415, 2.661454916000366, 2.625819444656372, 2.5627126693725586, 2.4638617038726807, 2.3907158374786377, 2.3293659687042236, 2.3081583976745605, 2.2395408153533936, 2.192641258239746, 2.138920307159424, 2.0744078159332275, 2.0357611179351807, 1.9274919033050537, 1.8452192544937134, 1.7376035451889038, 1.7163017988204956, 1.5998014211654663, 1.5360780954360962, 1.5996102094650269, 1.5253772735595703, 1.4929500818252563, 1.3939142227172852, 1.6665666103363037, 1.347479224205017, 1.226737141609192, 1.342756986618042, 1.1700729131698608, 1.1600419282913208, 1.1652271747589111, 1.2283029556274414, 1.102970838546753, 1.0817515850067139, 0.9839773178100586, 1.1414241790771484, 0.9459003806114197, 0.8961056470870972, 0.9250487685203552, 0.8536851406097412, 0.9574509263038635, 0.8240574598312378, 0.8311848044395447, 0.8927884697914124, 1.035861849784851, 0.8197974562644958, 0.8278390169143677, 0.7443312406539917, 0.7397039532661438, 0.8712334036827087, 0.7923792600631714, 0.722525417804718, 0.6986445188522339, 0.8279111385345459, 0.7415758371353149, 0.7193412184715271, 1.0901479721069336, 0.733726978302002, 0.7000855207443237, 0.7181665301322937, 0.7190802693367004, 0.6695918440818787, 0.8640626072883606, 0.7208558917045593, 0.6747949719429016, 0.6604183316230774, 0.6765169501304626, 0.6671170592308044, 0.7813215255737305, 0.6952998638153076, 0.7123476266860962, 0.701006293296814, 0.7023695707321167, 0.8193103671073914, 0.6952400803565979, 0.7428925633430481], "val_accuracy": [0.0729999989271164, 0.09566666930913925, 0.10199999809265137, 0.12966667115688324, 0.13600000739097595, 0.18066667020320892, 0.2070000022649765, 0.24699999392032623, 0.22033333778381348, 0.25833332538604736, 0.25200000405311584, 0.2763333320617676, 0.29466667771339417, 0.3063333332538605, 0.33666667342185974, 0.33399999141693115, 0.37400001287460327, 0.3866666555404663, 0.4586666524410248, 0.44866666197776794, 0.4946666657924652, 0.5109999775886536, 0.49300000071525574, 0.5073333382606506, 0.5180000066757202, 0.5453333258628845, 0.4833333194255829, 0.5573333501815796, 0.6019999980926514, 0.5803333520889282, 0.6290000081062317, 0.6256666779518127, 0.6200000047683716, 0.6029999852180481, 0.6566666960716248, 0.6523333191871643, 0.6963333487510681, 0.6293333172798157, 0.70333331823349, 0.718999981880188, 0.7059999704360962, 0.7286666631698608, 0.6953333616256714, 0.7450000047683716, 0.7409999966621399, 0.7116666436195374, 0.6859999895095825, 0.7509999871253967, 0.7419999837875366, 0.7733333110809326, 0.7746666669845581, 0.7456666827201843, 0.7630000114440918, 0.7793333530426025, 0.7933333516120911, 0.7606666684150696, 0.7823333144187927, 0.7883333563804626, 0.6850000023841858, 0.7820000052452087, 0.7979999780654907, 0.7993333339691162, 0.79666668176651, 0.8076666593551636, 0.7590000033378601, 0.800000011920929, 0.8096666932106018, 0.8046666383743286, 0.8090000152587891, 0.815666675567627, 0.7889999747276306, 0.8153333067893982, 0.8086666464805603, 0.8173333406448364, 0.8136666417121887, 0.7996666431427002, 0.8180000185966492, 0.8213333487510681],