{"loss": [0.1497027724981308, 0.14370177686214447, 0.13608314096927643, 0.12798361480236053, 0.1196446567773819, 0.11102407425642014, 0.10276266187429428, 0.09590964764356613, 0.08515869826078415, 0.07719822227954865, 0.06963945925235748, 0.07056886702775955, 0.05948374420404434, 0.05122090131044388, 0.0465673990547657, 0.04037631303071976, 0.035605307668447495, 0.0308836679905653, 0.026979245245456696, 0.025384610518813133, 0.020192917436361313, 0.018740065395832062, 0.01761697232723236, 0.0134107805788517, 0.013364288955926895, 0.009776096791028976, 0.007839802652597427, 0.007356035057455301, 0.005313335917890072, 0.004535814747214317, 0.003995451144874096, 0.0040114643052220345, 0.0022604467812925577, 0.003087014891207218, 0.0017698579467833042, 0.0013196528889238834], "accuracy": [0.10002215206623077, 0.13978733122348785, 0.21865308284759521, 0.2886575162410736, 0.3341825306415558, 0.38579973578453064, 0.4278910160064697, 0.462007075548172, 0.517833411693573, 0.5641338229179382, 0.6009082794189453, 0.6012405753135681, 0.6612760424613953, 0.7070226073265076, 0.7301728129386902, 0.7597474455833435, 0.7905405163764954, 0.8181213736534119, 0.8412715792655945, 0.8505759835243225, 0.8814798593521118, 0.8927780389785767, 0.8927780389785767, 0.9249002933502197, 0.9244572520256042, 0.9470536112785339, 0.9603455662727356, 0.9633362889289856, 0.974191427230835, 0.9779574871063232, 0.982166588306427, 0.9807265996932983, 0.9930217266082764, 0.9877049326896667, 0.9952370524406433, 0.9966769814491272], "f1_m": [0.0, 0.0010801403550431132, 0.009424506686627865, 0.020838698372244835, 0.06886584311723709, 0.1488579511642456, 0.22802048921585083, 0.30036550760269165, 0.3994944095611572, 0.4713079333305359, 0.534325897693634, 0.5245238542556763, 0.619644284248352, 0.6755226850509644, 0.7136015892028809, 0.7543491721153259, 0.7864687442779541, 0.812076985836029, 0.8381271362304688, 0.8507060408592224, 0.8787370920181274, 0.8927476406097412, 0.8929734230041504, 0.9239125847816467, 0.9249616861343384, 0.94743412733078, 0.959732711315155, 0.9607915878295898, 0.9738461971282959, 0.9782004356384277, 0.9818559885025024, 0.9800087213516235, 0.9923622012138367, 0.9873389601707458, 0.9948603510856628, 0.9968575239181519], "val_loss": [2.6450440883636475, 2.5023350715637207, 2.3736863136291504, 2.243844509124756, 2.0917389392852783, 1.9739830493927002, 1.9543914794921875, 1.6609480381011963, 1.619227409362793, 1.424822211265564, 2.0177230834960938, 1.4489836692810059, 1.2522964477539062, 1.1266134977340698, 1.1009784936904907, 1.0114692449569702, 1.0446624755859375, 0.966042697429657, 1.032331943511963, 0.891731858253479, 0.9052742719650269, 0.9546008110046387, 0.8759172558784485, 1.0163114070892334, 0.8590096235275269, 0.8490389585494995, 0.8724033832550049, 0.8762559294700623, 0.957129955291748, 0.9002262353897095, 0.9933844208717346, 0.9063431024551392, 0.9274395108222961, 0.9427453875541687, 0.9357043504714966, 0.9816803336143494], "val_accuracy": [0.11833333224058151, 0.18266665935516357, 0.2460000067949295, 0.27799999713897705, 0.3476666808128357, 0.36899998784065247, 0.39366665482521057, 0.48766666650772095, 0.4776666760444641, 0.5333333611488342, 0.42500001192092896, 0.5516666769981384, 0.6073333621025085, 0.6576666831970215, 0.6506666541099548, 0.6826666593551636, 0.6883333325386047, 0.7049999833106995, 0.6909999847412109, 0.7323333621025085, 0.7293333411216736, 0.7239999771118164, 0.75, 0.7326666712760925, 0.7673333287239075, 0.7730000019073486, 0.7710000276565552, 0.7703333497047424, 0.7663333415985107, 0.7746666669845581, 0.7680000066757202, 0.7879999876022339, 0.7856666445732117, 0.7853333353996277, 0.7926666736602783, 0.7846666574478149], "val_f1_m": [0.0, 0.009135544300079346, 0.011103332042694092, 0.025897761806845665, 0.10332470387220383, 0.20833894610404968, 0.24437640607357025, 0.35477495193481445, 0.4088974893093109, 0.4862273931503296, 0.39624661207199097, 0.5147438049316406, 0.5936712026596069, 0.6367841362953186, 0.6355981230735779, 0.6774843335151672, 0.6776390075683594, 0.702023446559906, 0.6890523433685303, 0.7315055131912231, 0.734315037727356, 0.7288697957992554, 0.754310131072998, 0.7297161221504211, 0.7711360454559326, 0.7742437720298767, 0.7758797407150269, 0.7742953300476074, 0.771515965461731, 0.7800873517990112, 0.7702508568763733, 0.7894187569618225, 0.7873570919036865, 0.7876537442207336, 0.7949104905128479, 0.7881948351860046]}