{"loss": [0.14868101477622986, 0.13803783059120178, 0.12329141795635223, 0.10765032470226288, 0.09205106645822525, 0.07477159053087234, 0.061387475579977036, 0.05321373790502548, 0.04167940095067024, 0.03247719630599022, 0.02711613103747368, 0.019602060317993164, 0.01605338603258133, 0.012016256339848042, 0.007537011988461018, 0.004631650168448687, 0.0030152220278978348, 0.002628651447594166, 0.001885842764750123, 0.0007745196344330907, 0.0010568526340648532, 0.0006165847298689187, 0.00032413617009297013, 0.0005478348466567695], "accuracy": [0.0703367292881012, 0.18763846158981323, 0.31269383430480957, 0.39078423380851746, 0.47363758087158203, 0.5702259540557861, 0.6463225483894348, 0.6898537874221802, 0.7558706402778625, 0.8092600703239441, 0.8334071636199951, 0.8853566646575928, 0.9026362299919128, 0.9298847913742065, 0.9608994126319885, 0.9765174984931946, 0.988480269908905, 0.9888125658035278, 0.9930217266082764, 0.9974523782730103, 0.9966769814491272, 0.9988923072814941, 0.9996677041053772, 0.9988923072814941], "f1_m": [0.00021668469707947224, 0.004274989943951368, 0.04711374267935753, 0.184682235121727, 0.3371826112270355, 0.5000413656234741, 0.604774534702301, 0.6612610816955566, 0.741724967956543, 0.8042197227478027, 0.8347833156585693, 0.882179319858551, 0.9013215899467468, 0.9308959245681763, 0.9595552086830139, 0.9765807390213013, 0.9876073002815247, 0.9886134266853333, 0.9933692216873169, 0.9978495836257935, 0.9970186352729797, 0.9988961815834045, 0.9997245073318481, 0.9987887740135193], "val_loss": [2.5968942642211914, 2.377347946166992, 2.1060359477996826, 2.190154790878296, 1.4986073970794678, 1.7145203351974487, 1.4729933738708496, 1.0250604152679443, 1.1747245788574219, 0.9764867424964905, 1.0164319276809692, 1.013511061668396, 1.0614145994186401, 0.8694324493408203, 0.953974187374115, 0.9430274963378906, 1.1067354679107666, 0.9845048189163208, 1.0033190250396729, 1.006355881690979, 1.0614736080169678, 1.0334267616271973, 1.0444411039352417, 1.0939311981201172], "val_accuracy": [0.1120000034570694, 0.2460000067949295, 0.34599998593330383, 0.3113333284854889, 0.527999997138977, 0.44966667890548706, 0.5366666913032532, 0.6776666641235352, 0.640999972820282, 0.7120000123977661, 0.7006666660308838, 0.715666651725769, 0.7266666889190674, 0.7723333239555359, 0.7693333625793457, 0.7833333611488342, 0.7509999871253967, 0.7816666960716248, 0.7903333306312561, 0.7986666560173035, 0.7879999876022339, 0.7976666688919067, 0.7996666431427002, 0.7943333387374878], "val_f1_m": [0.0026087386067956686, 0.03132009878754616, 0.1257011741399765, 0.2172820121049881, 0.4605175852775574, 0.4160700738430023, 0.510825514793396, 0.6741349697113037, 0.6413227915763855, 0.7066643834114075, 0.7035600543022156, 0.7111431956291199, 0.7272751927375793, 0.7737812995910645, 0.771895706653595, 0.7836487293243408, 0.757056713104248, 0.7872788310050964, 0.7944231033325195, 0.7991831302642822, 0.7914507985115051, 0.8007680773735046, 0.8019290566444397, 0.7982734441757202]}