{"loss": [0.14619329571723938, 0.1367051601409912, 0.12969647347927094, 0.12459490448236465, 0.12094083428382874, 0.1176360547542572, 0.11170322448015213, 0.11032243072986603, 0.10496880859136581, 0.09937229007482529, 0.09816056489944458, 0.09542127698659897, 0.09376270323991776, 0.0908309817314148, 0.08590301871299744, 0.08282202482223511, 0.08175618201494217, 0.0772695243358612, 0.07647961378097534, 0.08567706495523453, 0.07460502535104752, 0.07257857173681259, 0.07168590277433395, 0.06764338910579681, 0.06510330736637115, 0.06175782158970833, 0.06093103438615799, 0.05992059037089348, 0.05566486343741417, 0.05485525727272034, 0.0544339083135128, 0.05218442156910896, 0.05882200971245766, 0.04964001476764679, 0.047077398747205734, 0.05157219618558884, 0.04644664376974106, 0.045644182711839676], "accuracy": [0.1167478933930397, 0.1971643716096878, 0.26151973009109497, 0.29253435134887695, 0.3133584260940552, 0.33529019355773926, 0.3691847622394562, 0.3784891366958618, 0.41138678789138794, 0.4390784204006195, 0.4437306225299835, 0.46821001172065735, 0.4720868468284607, 0.4797297418117523, 0.5077536702156067, 0.5253655314445496, 0.5316792130470276, 0.5574878454208374, 0.559813916683197, 0.5047629475593567, 0.5675675868988037, 0.5724412798881531, 0.5780903697013855, 0.6037881970405579, 0.6176339983940125, 0.6349136233329773, 0.6361320614814758, 0.6445502638816833, 0.6685866117477417, 0.6763402819633484, 0.6674789786338806, 0.6873061656951904, 0.6576207280158997, 0.701151967048645, 0.7132255434989929, 0.687970757484436, 0.7194284200668335, 0.7230837345123291], "f1_m": [0.0015003773150965571, 0.007665830664336681, 0.025231726467609406, 0.05817257612943649, 0.10616396367549896, 0.13397113978862762, 0.18344055116176605, 0.20635676383972168, 0.24472741782665253, 0.290804386138916, 0.3063926696777344, 0.33711451292037964, 0.3436899781227112, 0.3768313527107239, 0.4103953540325165, 0.4378329813480377, 0.44999465346336365, 0.48360416293144226, 0.4962916374206543, 0.4127916693687439, 0.4980497360229492, 0.5148760676383972, 0.520362377166748, 0.5547006726264954, 0.574022650718689, 0.5932521820068359, 0.5958606600761414, 0.6081384420394897, 0.6368566751480103, 0.6461800932884216, 0.6466581225395203, 0.6658982038497925, 0.6255305409431458, 0.68201744556427, 0.696150541305542, 0.6684373021125793, 0.7030120491981506, 0.7001761198043823], "val_loss": [2.5735106468200684, 2.4022676944732666, 2.3551712036132812, 2.3084681034088135, 2.276871681213379, 2.2103512287139893, 2.265071392059326, 2.144467830657959, 1.9623385667800903, 2.03047513961792, 2.1956071853637695, 2.020876407623291, 1.8764324188232422, 1.8491326570510864, 1.8434778451919556, 1.9569569826126099, 1.8609130382537842, 1.8073502779006958, 1.9704041481018066, 1.7226048707962036, 1.7268049716949463, 1.8346668481826782, 1.726879358291626, 1.741891622543335, 1.8321350812911987, 1.768900752067566, 1.7776706218719482, 1.709354281425476, 1.9522602558135986, 1.9934858083724976, 1.865763545036316, 1.918376088142395, 1.7098616361618042, 1.8712157011032104, 1.8689531087875366, 1.894747018814087, 1.9677320718765259, 1.9391449689865112], "val_accuracy": [0.13566666841506958, 0.2253333330154419, 0.2436666637659073, 0.24899999797344208, 0.27799999713897705, 0.2853333353996277, 0.2879999876022339, 0.3213333189487457, 0.3843333423137665, 0.34933334589004517, 0.32066667079925537, 0.38233333826065063, 0.42633333802223206, 0.4399999976158142, 0.4426666796207428, 0.4156666696071625, 0.4336666762828827, 0.4560000002384186, 0.41733333468437195, 0.4860000014305115, 0.47099998593330383, 0.45899999141693115, 0.47200000286102295, 0.4699999988079071, 0.4690000116825104, 0.49266666173934937, 0.4873333275318146, 0.4970000088214874, 0.4596666693687439, 0.4560000002384186, 0.47066667675971985, 0.4659999907016754, 0.527999997138977, 0.5136666893959045, 0.4970000088214874, 0.4909999966621399, 0.4833333194255829, 0.5009999871253967], "val_f1_m": [0.01860371045768261, 0.02177594043314457, 0.046710070222616196, 0.07970838993787766, 0.11848562210798264, 0.13036149740219116, 0.17826169729232788, 0.18502646684646606, 0.2649865746498108, 0.23582252860069275, 0.24073036015033722, 0.3103668987751007, 0.3249579668045044, 0.3604528605937958, 0.3312453329563141, 0.3447568416595459, 0.3633567690849304, 0.403406023979187, 0.36658793687820435, 0.41850098967552185, 0.4279719293117523, 0.4026542901992798, 0.4346925914287567, 0.4332127273082733, 0.43796414136886597, 0.46679988503456116, 0.4683854877948761, 0.4750494062900543, 0.44497373700141907, 0.4532966613769531, 0.4596731662750244, 0.4581451416015625, 0.5104875564575195, 0.4904080927371979, 0.4920424520969391, 0.4903697669506073, 0.4819737374782562, 0.5011827945709229]}