{"loss": [0.1505597084760666, 0.1495150327682495, 0.14603291451931, 0.13680176436901093, 0.1310076266527176, 0.12703315913677216, 0.11953318864107132, 0.11258237808942795, 0.10451000183820724, 0.09787043929100037, 0.09313904494047165, 0.08632439374923706, 0.07748165726661682, 0.07063253223896027, 0.06741071492433548, 0.05908992141485214, 0.05405433103442192, 0.049585554748773575, 0.04428587481379509, 0.04067772999405861, 0.03951062262058258, 0.03384070843458176, 0.03124045394361019, 0.02881447970867157, 0.02489342913031578, 0.02274373173713684, 0.02003413997590542, 0.017833350226283073, 0.015255890786647797, 0.014510310254991055, 0.01656469516456127, 0.011497958563268185, 0.010163781233131886, 0.008481301367282867, 0.008718724362552166, 0.007154280319809914, 0.005923463962972164, 0.004802482668310404, 0.004980204626917839, 0.0043135094456374645, 0.002853808691725135, 0.0022663893178105354, 0.0036492953076958656], "accuracy": [0.08606557548046112, 0.11652636528015137, 0.16714665293693542, 0.2025919407606125, 0.252326101064682, 0.26761186122894287, 0.3130261301994324, 0.3523482382297516, 0.39754098653793335, 0.4369738698005676, 0.46145325899124146, 0.4949047267436981, 0.546632707118988, 0.5803056955337524, 0.5983606576919556, 0.6458795070648193, 0.6754541397094727, 0.6982720494270325, 0.7297297120094299, 0.7509968876838684, 0.7616304755210876, 0.7892113327980042, 0.806823194026947, 0.821333646774292, 0.8423792719841003, 0.8566681146621704, 0.8720647096633911, 0.8884581327438354, 0.9038546681404114, 0.9119406342506409, 0.8941072225570679, 0.9284448623657227, 0.9369738698005676, 0.9477182030677795, 0.9463890194892883, 0.958019495010376, 0.9656623601913452, 0.9725298881530762, 0.9705361127853394, 0.9743021726608276, 0.9864864945411682, 0.9902525544166565, 0.9801728129386902], "f1_m": [0.0, 0.0, 0.0, 0.0004333693941589445, 0.006620763801038265, 0.015656396746635437, 0.04449380189180374, 0.09910037368535995, 0.174595907330513, 0.24753881990909576, 0.3123592734336853, 0.37560829520225525, 0.4604630172252655, 0.5206485986709595, 0.5442743301391602, 0.6118934750556946, 0.6512783765792847, 0.6785241365432739, 0.7074632048606873, 0.7369050979614258, 0.7487114071846008, 0.7845247387886047, 0.7972903847694397, 0.8168227672576904, 0.8409088850021362, 0.8554010987281799, 0.8720867037773132, 0.8883674144744873, 0.9049255847930908, 0.9114951491355896, 0.893700361251831, 0.9264439344406128, 0.9352467656135559, 0.9489193558692932, 0.9484097361564636, 0.9575705528259277, 0.9665908813476562, 0.9723628759384155, 0.9707688093185425, 0.974947452545166, 0.9864884614944458, 0.9903201460838318, 0.9796484112739563], "val_loss": [2.6946606636047363, 2.6620495319366455, 2.5343880653381348, 2.4456334114074707, 2.343127489089966, 2.220831871032715, 2.0816357135772705, 1.994819164276123, 1.9107452630996704, 1.7390530109405518, 1.7454218864440918, 1.596915364265442, 1.3373948335647583, 1.3777586221694946, 1.3742426633834839, 1.105136752128601, 1.1158210039138794, 0.9466773271560669, 0.9733800292015076, 1.491740107536316, 0.8737608194351196, 0.8693335652351379, 1.1929346323013306, 0.8284446597099304, 0.761259138584137, 0.7268273830413818, 0.792436420917511, 0.7358546257019043, 0.8242007493972778, 0.7250159382820129, 0.7247647047042847, 0.7012271881103516, 0.6842228174209595, 0.7437454462051392, 0.7311441898345947, 0.735456645488739, 0.75458163022995, 0.7411453723907471, 0.883600115776062, 0.7578019499778748, 0.8155170679092407, 0.8172627687454224, 0.8493567705154419], "val_accuracy": [0.08833333104848862, 0.12033333629369736, 0.18000000715255737, 0.20266667008399963, 0.23633334040641785, 0.2796666622161865, 0.3186666667461395, 0.35733333230018616, 0.36933332681655884, 0.44466665387153625, 0.4543333351612091, 0.4856666624546051, 0.5709999799728394, 0.5429999828338623, 0.5669999718666077, 0.6480000019073486, 0.6420000195503235, 0.7110000252723694, 0.6966666579246521, 0.5509999990463257, 0.7319999933242798, 0.7379999756813049, 0.6446666717529297, 0.7409999966621399, 0.7766666412353516, 0.7886666655540466, 0.7753333449363708, 0.7916666865348816, 0.7766666412353516, 0.8009999990463257, 0.8006666898727417, 0.8090000152587891, 0.8220000267028809, 0.8040000200271606, 0.8166666626930237, 0.8183333277702332, 0.8233333230018616, 0.8256666660308838, 0.7983333468437195, 0.8309999704360962, 0.8209999799728394, 0.8236666917800903, 0.8183333277702332], "val_f1_m": [0.0, 0.0, 0.0, 0.01873963139951229, 0.024504128843545914, 0.045501694083213806, 0.08931656181812286, 0.1450892984867096, 0.23282112181186676, 0.30777740478515625, 0.32288217544555664, 0.38046109676361084, 0.49979278445243835, 0.5102275609970093, 0.5304638743400574, 0.6238052845001221, 0.6332365870475769, 0.6946156024932861, 0.6941176056861877, 0.5479875206947327, 0.7262611985206604, 0.7320220470428467, 0.6454595923423767, 0.7461437582969666, 0.7739320397377014, 0.7916077971458435, 0.7777485251426697, 0.8012491464614868, 0.7762941122055054, 0.8031689524650574, 0.8071120977401733, 0.8126603960990906, 0.827734112739563, 0.8101698160171509, 0.8196665048599243, 0.8240136504173279, 0.8265676498413086, 0.8274343609809875, 0.8039611577987671, 0.8346631526947021, 0.8259826898574829, 0.8256525993347168, 0.8210293650627136]}