{"loss": [0.3643282949924469, 0.35233187675476074, 0.34099990129470825, 0.33023253083229065, 0.3199933171272278, 0.31018978357315063, 0.3006860315799713, 0.2913212478160858, 0.2819186747074127, 0.2724936902523041, 0.26332953572273254, 0.2544851303100586, 0.246023029088974, 0.23792001605033875, 0.23015418648719788, 0.22397667169570923, 0.2169816642999649, 0.2113828808069229, 0.20574937760829926, 0.2002442181110382, 0.19522598385810852, 0.1904197335243225, 0.1857941597700119, 0.18014469742774963, 0.17625489830970764, 0.17132891714572906, 0.1663636565208435, 0.16224735975265503, 0.15923018753528595, 0.15385939180850983, 0.1502687782049179, 0.1474434733390808, 0.14317993819713593, 0.13953416049480438, 0.13636484742164612, 0.13315537571907043, 0.12934675812721252, 0.12726213037967682, 0.12494656443595886, 0.12241289019584656, 0.12049971520900726, 0.11683686822652817, 0.11428623646497726, 0.11256791651248932, 0.10997462272644043, 0.10952337831258774, 0.10577892512083054, 0.10460005700588226, 0.10229209810495377, 0.09955812990665436, 0.09827623516321182, 0.09650741517543793, 0.09566687792539597, 0.09381840378046036, 0.0941401943564415, 0.09047876298427582, 0.09555766731500626, 0.08767761290073395, 0.08705629408359528, 0.08764639496803284, 0.08588846772909164, 0.0833277702331543, 0.08272513002157211, 0.08281989395618439, 0.07962064445018768, 0.07906606793403625, 0.07924500852823257, 0.07647828012704849, 0.07690634578466415, 0.07560206204652786, 0.07421258091926575, 0.07558839023113251, 0.07346901297569275, 0.07355735450983047, 0.07125362008810043, 0.07156788557767868, 0.07025211304426193, 0.0700371116399765, 0.07056774944067001, 0.0684519112110138, 0.06915479898452759, 0.06738827377557755, 0.06805744767189026, 0.06922103464603424, 0.0677601546049118, 0.06692785769701004, 0.06559137254953384, 0.0654832124710083, 0.067159004509449, 0.06474697589874268, 0.06336560845375061, 0.06399279087781906, 0.0630325973033905, 0.061364926397800446, 0.061522226780653, 0.0669371485710144, 0.06267032772302628, 0.0614747479557991, 0.06143566966056824, 0.0595642551779747], "accuracy": [0.08196721225976944, 0.06623836606740952, 0.08938857167959213, 0.0982498899102211, 0.12295082211494446, 0.12084625661373138, 0.12428002059459686, 0.13314133882522583, 0.13668586313724518, 0.15573769807815552, 0.1776694655418396, 0.2029242366552353, 0.22651749849319458, 0.24003101885318756, 0.25985822081565857, 0.27713778614997864, 0.2823438048362732, 0.29463890194892883, 0.2980726659297943, 0.3008418381214142, 0.3088169991970062, 0.32188746333122253, 0.3263181149959564, 0.3429330885410309, 0.3465884029865265, 0.3587726950645447, 0.3708462417125702, 0.3815906047821045, 0.3903411626815796, 0.40296855568885803, 0.4189189076423645, 0.42445725202560425, 0.43653079867362976, 0.4515950381755829, 0.4630039930343628, 0.47552061080932617, 0.48848026990890503, 0.5005538463592529, 0.5026583671569824, 0.5182764530181885, 0.5188302993774414, 0.5363314151763916, 0.5520602464675903, 0.5625830888748169, 0.5669029951095581, 0.568342924118042, 0.5919361710548401, 0.5931546092033386, 0.6050066351890564, 0.61796635389328, 0.6293752789497375, 0.6360212564468384, 0.6382365822792053, 0.6389011740684509, 0.6431103348731995, 0.6681435704231262, 0.6359105110168457, 0.6809924840927124, 0.6866415739059448, 0.6807709336280823, 0.6886353492736816, 0.7147762775421143, 0.7158839106559753, 0.7102348208427429, 0.7332742810249329, 0.7365972399711609, 0.7319450378417969, 0.754652202129364, 0.75, 0.7571998238563538, 0.7641780972480774, 0.7588613033294678, 0.7739255428314209, 0.7692734003067017, 0.7863314151763916, 0.7806823253631592, 0.7900974750518799, 0.7874391078948975, 0.7916482090950012, 0.8037217259407043, 0.8009526133537292, 0.8141338229179382, 0.8038325309753418, 0.7967434525489807, 0.8028356432914734, 0.8129153847694397, 0.8224412798881531, 0.8236597180366516, 0.8157953023910522, 0.8267611861228943, 0.8437084555625916, 0.8332964181900024, 0.8437084555625916, 0.8527913093566895, 0.8516836762428284, 0.8162383437156677, 0.8422685265541077, 0.8538990020751953, 0.8535667061805725, 0.8680770993232727], "f1_m": [0.0, 0.0, 0.0, 0.0, 0.0, 0.0, 0.0, 0.0, 0.0, 0.0, 0.00021668469707947224, 0.001733477576635778, 0.0025936502497643232, 0.005604641977697611, 0.008805963210761547, 0.009188532829284668, 0.014496002346277237, 0.017572451382875443, 0.024963892996311188, 0.027829844504594803, 0.038174498826265335, 0.04496383294463158, 0.04841238260269165, 0.06479602307081223, 0.07482420653104782, 0.09266408532857895, 0.1143825575709343, 0.1333111822605133, 0.14824789762496948, 0.18076136708259583, 0.19906999170780182, 0.21711361408233643, 0.23355069756507874, 0.24955537915229797, 0.27695977687835693, 0.2989210784435272, 0.3216018080711365, 0.33712491393089294, 0.3567681908607483, 0.3782900273799896, 0.38384225964546204, 0.4173426330089569, 0.4313472807407379, 0.4538489878177643, 0.4649393856525421, 0.4713919162750244, 0.4968303143978119, 0.5094003677368164, 0.5231456756591797, 0.5405490398406982, 0.5502825975418091, 0.5657176971435547, 0.5742756724357605, 0.5793644189834595, 0.5861426591873169, 0.608190655708313, 0.5719625353813171, 0.6349466443061829, 0.6324448585510254, 0.6292212009429932, 0.6385408043861389, 0.6663625240325928, 0.6690127849578857, 0.6695106625556946, 0.6968629956245422, 0.699140191078186, 0.6985053420066833, 0.7221788763999939, 0.7168713808059692, 0.7312226891517639, 0.7407894134521484, 0.728036105632782, 0.7483781576156616, 0.7425180077552795, 0.7588398456573486, 0.755358099937439, 0.7689173221588135, 0.7681987881660461, 0.7696043252944946, 0.7825309038162231, 0.7794042825698853, 0.7929152250289917, 0.784959077835083, 0.781412661075592, 0.7904664874076843, 0.7984192371368408, 0.8067342042922974, 0.8078391551971436, 0.8002992272377014, 0.8098135590553284, 0.826066255569458, 0.8232822418212891, 0.8283194303512573, 0.8423976898193359, 0.8367860317230225, 0.7984835505485535, 0.8313269019126892, 0.8381295800209045, 0.8424080014228821, 0.8533869981765747], "val_loss": [2.9096298217773438, 2.894566059112549, 2.8794443607330322, 2.8631842136383057, 2.845930337905884, 2.8254776000976562, 2.799672842025757, 2.7632815837860107, 2.71866774559021, 2.663658618927002, 2.611845016479492, 2.559351921081543, 2.5141777992248535, 2.4430699348449707, 2.435166120529175, 2.389247179031372, 2.3540408611297607, 2.3094747066497803, 2.2917349338531494, 2.2754030227661133, 2.2248170375823975, 2.234992027282715, 2.1498990058898926, 2.1422173976898193, 2.0846617221832275, 2.0723483562469482, 1.9988987445831299, 2.093599319458008, 1.9267908334732056, 1.9092981815338135, 1.9235172271728516, 1.8021615743637085, 1.7775193452835083, 1.7726305723190308, 1.7002736330032349, 1.676223635673523, 1.6373308897018433, 1.6946223974227905, 1.5910378694534302, 1.6113860607147217, 1.5436757802963257, 1.506765604019165, 1.5760389566421509, 1.4417651891708374, 1.4799288511276245, 1.4125852584838867, 1.4543269872665405, 1.3489683866500854, 1.2999409437179565, 1.2982271909713745, 1.266528844833374, 1.239760398864746, 1.228376865386963, 1.3161309957504272, 1.1735572814941406, 2.178197145462036, 1.144541621208191, 1.1409432888031006, 1.2455512285232544, 1.1500706672668457, 1.086294412612915, 1.202994704246521, 1.2415403127670288, 1.0327746868133545, 1.006353735923767, 1.0307384729385376, 0.9732098579406738, 1.0836372375488281, 0.9427490830421448, 0.9401541352272034, 0.9949523210525513, 0.9599789381027222, 0.9914665818214417, 0.8886331915855408, 0.9159799814224243, 0.9194217920303345, 0.857174813747406, 0.9390273690223694, 0.8445881605148315, 0.8206778764724731, 0.9280705451965332, 0.8288751840591431, 0.8590388894081116, 0.9610395431518555, 1.1901613473892212, 0.8125801682472229, 0.8232364654541016, 1.0396168231964111, 0.9263758659362793, 0.7957583665847778, 0.9445489048957825, 0.8419042825698853, 0.7930269241333008, 0.8012488484382629, 1.0798004865646362, 0.7754930257797241, 0.7760539650917053, 0.9224199056625366, 0.7835497260093689, 0.8022642135620117],