{"loss": [7.366424560546875, 6.557668209075928, 6.019140243530273, 5.623795986175537, 5.379888534545898, 5.1674089431762695, 4.951355457305908, 4.759915828704834, 4.6635422706604, 4.561783790588379, 4.496551036834717, 4.4191999435424805, 4.370303153991699, 4.241262435913086, 4.198469638824463, 4.198124408721924, 4.136401176452637, 4.115478992462158, 4.06375789642334, 4.038280487060547, 4.000885486602783, 4.0411601066589355, 3.9881582260131836, 3.989213466644287, 3.936612129211426, 3.9740755558013916, 3.923159599304199, 3.9327030181884766, 3.9505503177642822, 3.924281120300293, 3.8631463050842285, 3.8383190631866455, 3.901108741760254, 3.858952760696411, 3.8598904609680176, 3.8233184814453125, 3.829467296600342, 3.86134672164917, 3.794353485107422, 3.8166165351867676, 3.8535640239715576, 3.8822240829467773, 3.792029619216919, 3.8469128608703613, 3.7772724628448486, 3.802264928817749, 3.809623956680298, 3.8182265758514404, 3.7635109424591064, 3.8426761627197266, 3.760533332824707, 3.8097856044769287, 3.772366523742676, 3.826988935470581, 3.75540828704834, 3.805959701538086, 3.816490411758423, 3.8225502967834473, 3.782317638397217, 3.7595536708831787], "val_loss": [4.826086521148682, 4.021275997161865, 3.485719919204712, 3.0736913681030273, 3.016129732131958, 2.5381367206573486, 2.3540258407592773, 2.181239128112793, 2.052865982055664, 1.9526913166046143, 1.8459043502807617, 1.7591503858566284, 1.6920864582061768, 1.6238263845443726, 1.5727472305297852, 1.5314346551895142, 1.4873307943344116, 1.4555426836013794, 1.420121192932129, 1.3997210264205933, 1.3638105392456055, 1.3419544696807861, 1.3270190954208374, 1.3149250745773315, 1.3019160032272339, 1.2768841981887817, 1.2787553071975708, 1.2632601261138916, 1.2589963674545288, 1.2443792819976807, 1.2341878414154053, 1.2298128604888916, 1.2213565111160278, 1.21146559715271, 1.2133252620697021, 1.2154613733291626, 1.208047866821289, 1.209459662437439, 1.2031868696212769, 1.2139298915863037, 1.1940838098526, 1.2070863246917725, 1.184540033340454, 1.191634178161621, 1.1883645057678223, 1.1917805671691895, 1.1933305263519287, 1.1906497478485107, 1.1895813941955566, 1.1820682287216187, 1.183570146560669, 1.1912178993225098, 1.1960238218307495, 1.1955333948135376, 1.1964993476867676, 1.1931183338165283, 1.1882765293121338, 1.1898702383041382, 1.1871671676635742, 1.1972702741622925]}