{"loss": [0.15076646208763123, 0.1503238081932068, 0.1495390087366104, 0.146865576505661, 0.13927116990089417, 0.13431106507778168, 0.13065598905086517, 0.1271701157093048, 0.12156505882740021, 0.115744449198246, 0.10931308567523956, 0.10332868993282318, 0.09668490290641785, 0.09049735963344574, 0.08607008308172226, 0.08483333885669708, 0.07814786583185196, 0.07626117765903473, 0.07411583513021469, 0.06885483115911484, 0.06452956050634384, 0.06543684750795364, 0.059879984706640244, 0.05674811080098152, 0.0545223243534565, 0.0512179434299469, 0.05029815435409546, 0.04587649554014206, 0.043974485248327255, 0.04201110452413559, 0.040243688970804214, 0.03985900431871414, 0.03746899217367172, 0.03563360497355461, 0.04056043177843094, 0.032556306570768356, 0.0397467203438282, 0.029236702248454094, 0.029220083728432655, 0.026673467829823494, 0.026911720633506775, 0.024498416110873222, 0.022557465359568596, 0.022498562932014465, 0.020447740331292152, 0.01955864578485489, 0.01887904480099678, 0.01720128208398819, 0.01734193228185177, 0.01681203581392765, 0.013891534879803658, 0.014362306334078312, 0.01639598421752453, 0.013273047283291817, 0.01525923702865839, 0.01057167537510395, 0.01073034480214119, 0.014026342891156673, 0.0104935048148036, 0.0126718170940876, 0.009151056408882141, 0.0073417616076767445, 0.007202210836112499, 0.008322847075760365, 0.007085122633725405, 0.01020560972392559, 0.006442729849368334, 0.00552443228662014, 0.004268432967364788], "accuracy": [0.07864421606063843, 0.13646432757377625, 0.14311031997203827, 0.1494240164756775, 0.17811253666877747, 0.1981612741947174, 0.21964997053146362, 0.24601240456104279, 0.27447938919067383, 0.3068232238292694, 0.3458130359649658, 0.3778245449066162, 0.41703587770462036, 0.45237040519714355, 0.475852906703949, 0.4851572811603546, 0.5201594829559326, 0.5375498533248901, 0.5494018793106079, 0.5788657665252686, 0.6065573692321777, 0.6020159721374512, 0.632809042930603, 0.6593930125236511, 0.6695834994316101, 0.6868630647659302, 0.6887460947036743, 0.7174346446990967, 0.7278466820716858, 0.7359326481819153, 0.7504430413246155, 0.7492246627807617, 0.766171932220459, 0.7772485613822937, 0.7473416328430176, 0.7978511452674866, 0.7637350559234619, 0.8201152086257935, 0.8154630064964294, 0.8287549614906311, 0.8307487964630127, 0.8448161482810974, 0.8573327660560608, 0.8557820320129395, 0.8704031705856323, 0.878156840801239, 0.8808152675628662, 0.8854674100875854, 0.8890119791030884, 0.8958795070648193, 0.9142667055130005, 0.9082853198051453, 0.8968763947486877, 0.9141559600830078, 0.901196300983429, 0.9337616562843323, 0.9319893717765808, 0.9118298888206482, 0.929995596408844, 0.9210234880447388, 0.9439521431922913, 0.9531457424163818, 0.9553611278533936, 0.9449490308761597, 0.9562472105026245, 0.9367523193359375, 0.9593486785888672, 0.9674346446990967, 0.9747452139854431], "f1_m": [0.0, 0.0, 0.0, 0.0, 0.0004333693941589445, 0.0021569975651800632, 0.0027942091692239046, 0.0060160779394209385, 0.014742451719939709, 0.03369294852018356, 0.08181056380271912, 0.14334478974342346, 0.22214296460151672, 0.2936990559101105, 0.34197959303855896, 0.36351102590560913, 0.43584173917770386, 0.4511980414390564, 0.4792872667312622, 0.5238491296768188, 0.5580647587776184, 0.5490596294403076, 0.5932714939117432, 0.6295096278190613, 0.6399663686752319, 0.6622505784034729, 0.6739400029182434, 0.6970880031585693, 0.7168051600456238, 0.7303938865661621, 0.7359521389007568, 0.7417970299720764, 0.7597312927246094, 0.7740767598152161, 0.7439552545547485, 0.7895438075065613, 0.753541111946106, 0.8107458353042603, 0.8162210583686829, 0.8267571926116943, 0.8270242810249329, 0.8442598581314087, 0.8562161326408386, 0.855686366558075, 0.870561957359314, 0.8755699992179871, 0.8811619281768799, 0.8865265846252441, 0.8901861906051636, 0.8952284455299377, 0.9136142134666443, 0.9055123925209045, 0.8968915343284607, 0.915377140045166, 0.9001014828681946, 0.9343346357345581, 0.9297155737876892, 0.9061306118965149, 0.9314724802970886, 0.9205512404441833, 0.9433999061584473, 0.9544808864593506, 0.956007182598114, 0.9452941417694092, 0.9533179998397827, 0.9371181130409241, 0.9592325091362, 0.9673720598220825, 0.974808931350708], "val_loss": [2.7027080059051514, 2.6936285495758057, 2.668952226638794, 2.5702075958251953, 2.438168525695801, 2.3915038108825684, 2.2909250259399414, 2.1955888271331787, 2.1127331256866455, 1.9726481437683105, 1.8538271188735962, 2.051673412322998, 1.684895634651184, 1.5137672424316406, 2.49295711517334, 1.4020215272903442, 1.5344581604003906, 1.6342639923095703, 1.2500746250152588, 1.1831579208374023, 1.4002872705459595, 1.472710132598877, 1.179375410079956, 1.0492639541625977, 1.06714928150177, 1.1070350408554077, 1.1162643432617188, 0.8961362838745117, 0.9174636006355286, 0.96173095703125, 0.9606877565383911, 1.323452353477478, 0.8179243206977844, 1.364357590675354, 0.806538999080658, 1.1417409181594849, 0.8181152939796448, 0.883444607257843, 0.768659234046936, 0.990264892578125, 0.7032755017280579, 0.7024961709976196, 0.773481547832489, 0.6930412650108337, 0.7010825872421265, 0.6932051777839661, 0.7141162157058716, 0.7524921298027039, 0.7758504152297974, 0.6702932715415955, 0.8295709490776062, 0.7088339924812317, 0.6247450709342957, 0.6594741344451904, 0.6807336211204529, 0.6545166373252869, 0.862288236618042, 0.6444193720817566, 0.6054624915122986, 0.8075808882713318, 0.6682718992233276, 0.7968195676803589, 0.6239640116691589, 0.7437757849693298, 0.7068993449211121, 0.6279001235961914, 0.6915693879127502, 0.6442174315452576, 0.6885431408882141], "val_accuracy": [0.08433333039283752, 0.12700000405311584, 0.1446666717529297, 0.17399999499320984, 0.18199999630451202, 0.1886666715145111, 0.24666666984558105, 0.2593333423137665, 0.3009999990463257, 0.34200000762939453, 0.3776666522026062, 0.32733333110809326, 0.4466666579246521, 0.4970000088214874, 0.27799999713897705, 0.5299999713897705, 0.4950000047683716, 0.48399999737739563, 0.5929999947547913, 0.6206666827201843, 0.5479999780654907, 0.5296666622161865, 0.6230000257492065, 0.6629999876022339, 0.6710000038146973, 0.6423333287239075, 0.6473333239555359, 0.7110000252723694, 0.7023333311080933, 0.690666675567627, 0.6916666626930237, 0.6029999852180481, 0.750333309173584, 0.5833333134651184, 0.7480000257492065, 0.6669999957084656, 0.7436666488647461, 0.7279999852180481, 0.7649999856948853, 0.7023333311080933, 0.7839999794960022, 0.7856666445732117, 0.7609999775886536, 0.7870000004768372, 0.7889999747276306, 0.7866666913032532, 0.7820000052452087, 0.7753333449363708, 0.765999972820282, 0.7913333177566528, 0.7596666812896729, 0.7873333096504211, 0.812666654586792, 0.8050000071525574, 0.8026666641235352, 0.8149999976158142, 0.7699999809265137, 0.809333324432373, 0.8289999961853027, 0.7730000019073486, 0.8173333406448364, 0.7883333563804626, 0.8266666531562805, 0.8023333549499512, 0.8086666464805603, 0.8299999833106995, 0.8193333148956299, 0.8276666402816772, 0.8309999704360962],