{"loss": [7.363565921783447, 6.358519554138184, 5.701241493225098, 5.277109146118164, 4.911328315734863, 4.682260036468506, 4.490820407867432, 4.3710856437683105, 4.243372440338135, 4.168601036071777, 4.131187438964844, 4.025493621826172, 3.9797987937927246, 3.9403624534606934], "val_loss": [4.993696212768555, 4.530307292938232, 4.325807094573975, 4.251265525817871, 4.387757778167725, 4.434920310974121, 4.366460800170898, 4.480440616607666, 4.511600017547607, 4.556220054626465, 4.584596157073975, 4.630126953125, 4.745126724243164, 4.722002983093262]}