{"loss": [7.174236297607422, 6.468677043914795, 5.8366875648498535, 5.472416400909424, 5.218006610870361, 5.006386756896973, 4.828460216522217, 4.717739582061768, 4.64977502822876, 4.556604862213135, 4.460515022277832, 4.358540058135986, 4.323063373565674, 4.302306652069092, 4.238077640533447, 4.211134433746338, 4.201942443847656, 4.155393123626709, 4.146485805511475, 4.13031005859375, 4.069140911102295, 4.056556224822998, 3.97475004196167, 4.089276313781738, 4.011868000030518, 4.026838302612305, 3.9720611572265625, 3.9779365062713623, 3.987734794616699, 3.968498706817627, 3.9664089679718018, 3.968569755554199, 3.9205081462860107, 3.9582550525665283, 3.915372848510742, 3.8978729248046875, 3.9248151779174805, 3.940460443496704, 3.8864450454711914, 3.9542946815490723, 3.9192352294921875, 3.886723041534424, 3.909879207611084, 3.8850512504577637, 3.92546010017395, 3.8867242336273193, 3.854649782180786, 4.094511032104492, 3.871579885482788, 3.902473211288452, 3.8862032890319824, 3.8247931003570557, 3.876882791519165, 3.902200698852539, 3.8772027492523193, 3.8510184288024902, 3.843897581100464, 3.8274447917938232, 3.882133960723877, 3.823314905166626, 3.8355064392089844, 3.8460333347320557, 3.809246778488159, 3.817748785018921, 3.835397958755493, 3.8566248416900635, 3.8231213092803955, 3.8912782669067383], "val_loss": [4.724162578582764, 3.7748026847839355, 3.2478532791137695, 2.8964860439300537, 2.6164305210113525, 2.4036409854888916, 2.2510766983032227, 2.1233646869659424, 2.0243747234344482, 1.9389255046844482, 1.8669112920761108, 1.819954752922058, 1.7597795724868774, 1.7043753862380981, 1.6677041053771973, 1.6396561861038208, 1.5944976806640625, 1.5710653066635132, 1.551188349723816, 1.5209447145462036, 1.5013536214828491, 1.4896471500396729, 1.4812356233596802, 1.4557429552078247, 1.4884536266326904, 1.4360581636428833, 1.422996997833252, 1.4127143621444702, 1.4047105312347412, 1.3910249471664429, 1.3904005289077759, 1.3813350200653076, 1.3669159412384033, 1.3708515167236328, 1.3676658868789673, 1.352548599243164, 1.3564952611923218, 1.3556673526763916, 1.3518562316894531, 1.3592002391815186, 1.3585783243179321, 1.3390799760818481, 1.3404333591461182, 1.3406946659088135, 1.3316009044647217, 1.3400404453277588, 1.609978437423706, 1.3630378246307373, 1.3348463773727417, 1.332580804824829, 1.3301730155944824, 1.3204922676086426, 1.318652629852295, 1.318321704864502, 1.322352647781372, 1.3174327611923218, 1.3227176666259766, 1.3126940727233887, 1.3248575925827026, 1.3186447620391846, 1.3279463052749634, 1.3197485208511353, 1.3228267431259155, 1.3349310159683228, 1.325822114944458, 1.335907220840454, 1.3287419080734253, 1.3355741500854492]}