{"loss": [0.3609681725502014, 0.32436153292655945, 0.28769567608833313, 0.25561943650245667, 0.22710202634334564, 0.2049977332353592, 0.1771494746208191, 0.15796975791454315, 0.14373759925365448, 0.12548163533210754, 0.11397616565227509, 0.10449322313070297, 0.09366075694561005, 0.08634154498577118, 0.07753250747919083, 0.08340110629796982, 0.06946274638175964, 0.06262446194887161, 0.0639922097325325, 0.055176109075546265, 0.05371495336294174, 0.04913616552948952, 0.046763915568590164, 0.05109470710158348, 0.04631538689136505, 0.04263800382614136, 0.04426483437418938, 0.042379170656204224, 0.037761934101581573, 0.03674960508942604, 0.04443605616688728, 0.03818536177277565, 0.034907422959804535, 0.0341411828994751, 0.03183716535568237, 0.033096328377723694, 0.03383588790893555, 0.03674355894327164, 0.039575375616550446], "accuracy": [0.12084625661373138, 0.17755870521068573, 0.2866637110710144, 0.3624280095100403, 0.4151528477668762, 0.46311476826667786, 0.5575985908508301, 0.6110988259315491, 0.6472086906433105, 0.7085733413696289, 0.7418032884597778, 0.7641780972480774, 0.8023925423622131, 0.8227735757827759, 0.8555604815483093, 0.8092600703239441, 0.8782675862312317, 0.9068453907966614, 0.8846920728683472, 0.9282233119010925, 0.9302170872688293, 0.9438413977622986, 0.9502658247947693, 0.9172574281692505, 0.9415152668952942, 0.9595702290534973, 0.9394107460975647, 0.9499335289001465, 0.9725298881530762, 0.9708684086799622, 0.9224634766578674, 0.957465648651123, 0.977514386177063, 0.9760744571685791, 0.9853788018226624, 0.975852906703949, 0.9661054611206055, 0.946499764919281, 0.9373061656951904], "f1_m": [0.0, 0.0055913180112838745, 0.02415633574128151, 0.1096922904253006, 0.22113049030303955, 0.32305845618247986, 0.47507110238075256, 0.5508856177330017, 0.6014875769615173, 0.680694580078125, 0.7186854481697083, 0.7535363435745239, 0.7897096872329712, 0.8145422339439392, 0.8491916656494141, 0.8062219023704529, 0.872130274772644, 0.9005911350250244, 0.8793128728866577, 0.9248452186584473, 0.9259382486343384, 0.9411419034004211, 0.9478386044502258, 0.9132900834083557, 0.9411981105804443, 0.9569560289382935, 0.9377231597900391, 0.9475744366645813, 0.9705648422241211, 0.9686673879623413, 0.9209688305854797, 0.9561004638671875, 0.9744083285331726, 0.9742976427078247, 0.9836744666099548, 0.9722948670387268, 0.9609721899032593, 0.9412550330162048, 0.9342920184135437], "val_loss": [2.831937074661255, 2.590620517730713, 2.2864129543304443, 2.1738858222961426, 2.4068801403045654, 1.5829181671142578, 1.425224781036377, 1.5871310234069824, 1.3035249710083008, 1.1802732944488525, 1.2733943462371826, 1.2038646936416626, 1.2529866695404053, 0.9026525616645813, 2.3940320014953613, 1.060046911239624, 0.8862643241882324, 1.1026188135147095, 0.9256943464279175, 0.9329054355621338, 0.8968755006790161, 0.8713984489440918, 1.295590877532959, 1.2509675025939941, 0.913984477519989, 0.8470702171325684, 0.9670116901397705, 0.8791641592979431, 0.7755435109138489, 1.7145813703536987, 0.8360314965248108, 0.9476271271705627, 0.9549594521522522, 0.83841472864151, 1.0462816953659058, 0.9678707122802734, 0.881184995174408, 1.1434686183929443, 0.8691045045852661], "val_accuracy": [0.109333336353302, 0.22166666388511658, 0.3176666796207428, 0.3373333215713501, 0.2770000100135803, 0.5289999842643738, 0.5803333520889282, 0.5216666460037231, 0.6039999723434448, 0.6446666717529297, 0.6143333315849304, 0.6526666879653931, 0.637333333492279, 0.7356666922569275, 0.4233333468437195, 0.6976666450500488, 0.7473333477973938, 0.6976666450500488, 0.7486666440963745, 0.7403333187103271, 0.7526666522026062, 0.7666666507720947, 0.6613333225250244, 0.6819999814033508, 0.7649999856948853, 0.7776666879653931, 0.7440000176429749, 0.7593333125114441, 0.7979999780654907, 0.5799999833106995, 0.7823333144187927, 0.749666690826416, 0.7559999823570251, 0.7886666655540466, 0.7293333411216736, 0.7486666440963745, 0.7636666893959045, 0.699999988079071, 0.778333306312561], "val_f1_m": [0.0, 0.02746294066309929, 0.11020822823047638, 0.1768588274717331, 0.2168172299861908, 0.45458683371543884, 0.5203838348388672, 0.4819941818714142, 0.5785248279571533, 0.6238223314285278, 0.5925065875053406, 0.6471631526947021, 0.6369747519493103, 0.7426562309265137, 0.42020151019096375, 0.6945345997810364, 0.7500869035720825, 0.6969057321548462, 0.751936137676239, 0.740119218826294, 0.760022759437561, 0.7673049569129944, 0.6682215332984924, 0.6810015439987183, 0.7625023722648621, 0.7768633961677551, 0.7475489974021912, 0.7631433606147766, 0.8036066293716431, 0.5825322270393372, 0.7852542400360107, 0.7470232248306274, 0.7612866163253784, 0.7918234467506409, 0.7333823442459106, 0.7514314651489258, 0.7659045457839966, 0.7034587264060974, 0.7802815437316895]}