{"loss": [7.291417598724365, 6.593160152435303, 6.005866527557373, 5.5338873863220215, 5.184800624847412, 4.952764987945557, 4.792394161224365, 4.577454566955566, 4.50435733795166, 4.323975086212158, 4.314024925231934, 4.148521423339844, 4.127111911773682, 4.076552391052246, 4.024597644805908, 3.8987598419189453, 3.893622636795044, 3.878631353378296, 3.869483470916748, 3.8139078617095947], "val_loss": [4.995227336883545, 4.523107051849365, 4.207195281982422, 4.081699848175049, 4.005489349365234, 3.978705644607544, 3.9446916580200195, 3.9220776557922363, 3.998077154159546, 3.894113063812256, 4.000123500823975, 4.043005466461182, 4.046461582183838, 4.092653751373291, 4.0692009925842285, 4.15257453918457, 4.140923023223877, 4.248897552490234, 4.225849151611328, 4.257495880126953]}