{"loss": [0.14921601116657257, 0.1448805034160614, 0.14179138839244843, 0.14000903069972992, 0.13873176276683807, 0.1368200182914734, 0.13520024716854095, 0.13396228849887848, 0.132013201713562, 0.13068392872810364, 0.12913987040519714, 0.1271752268075943, 0.12549884617328644, 0.12376616895198822, 0.1220465824007988, 0.12047773599624634, 0.1196485236287117, 0.11766958981752396, 0.11594855785369873, 0.11503180116415024, 0.11211510747671127, 0.11108934134244919, 0.11010178178548813, 0.10728532820940018, 0.1065220758318901, 0.10411082953214645, 0.10316094756126404, 0.1009303405880928, 0.09939494729042053, 0.09846392273902893, 0.0968700647354126, 0.09549111872911453, 0.0952213704586029, 0.0930132046341896, 0.09073063731193542, 0.0937228575348854, 0.09001733362674713, 0.08682577311992645, 0.08687900751829147, 0.08614027500152588, 0.08378655463457108, 0.08292729407548904, 0.08146315813064575, 0.08197370171546936, 0.08044123649597168, 0.07895510643720627, 0.07824151962995529, 0.07573916018009186, 0.07485661655664444, 0.07523410767316818, 0.07356781512498856, 0.07301973551511765, 0.07298141717910767, 0.0707029476761818, 0.06890986859798431, 0.068639375269413, 0.06674255430698395, 0.06671547889709473, 0.068427674472332, 0.06661210209131241, 0.06345430761575699, 0.06290297210216522, 0.06222696974873543, 0.05974564328789711, 0.059406839311122894, 0.05916184186935425, 0.059313785284757614, 0.05840343236923218, 0.05782515928149223, 0.056783705949783325, 0.05664387717843056, 0.056294336915016174, 0.054793599992990494, 0.0527925007045269, 0.05462728440761566, 0.05018078163266182, 0.05145454406738281, 0.051581963896751404, 0.04853112995624542, 0.05307665839791298, 0.04836772754788399, 0.04761788994073868, 0.04589192569255829, 0.04724350944161415, 0.04425841197371483], "accuracy": [0.0898316353559494, 0.11165263503789902, 0.13435977697372437, 0.15463003516197205, 0.16437749564647675, 0.18763846158981323, 0.19627824425697327, 0.21278245747089386, 0.23139122128486633, 0.24678777158260345, 0.2490030974149704, 0.2702702581882477, 0.27702704071998596, 0.29330968856811523, 0.305161714553833, 0.31346920132637024, 0.31513071060180664, 0.32986265420913696, 0.3404962420463562, 0.3426007926464081, 0.36453256011009216, 0.36597251892089844, 0.3714000880718231, 0.38668587803840637, 0.39288878440856934, 0.404519259929657, 0.41038990020751953, 0.4152636229991913, 0.4336508512496948, 0.43054941296577454, 0.43996456265449524, 0.4489366412162781, 0.44738590717315674, 0.462007075548172, 0.47762516140937805, 0.4555826187133789, 0.4765174984931946, 0.5014399886131287, 0.4955693483352661, 0.5008861422538757, 0.513181209564209, 0.5191625952720642, 0.5234825015068054, 0.519494891166687, 0.5379928946495056, 0.5417589545249939, 0.543641984462738, 0.5612539052963257, 0.5676783323287964, 0.5592600703239441, 0.5687860250473022, 0.5702259540557861, 0.5685644745826721, 0.5787549614906311, 0.5926008224487305, 0.5966991782188416, 0.6085511445999146, 0.607886552810669, 0.5922685265541077, 0.6041204929351807, 0.6302614212036133, 0.6283783912658691, 0.6274922490119934, 0.6364643573760986, 0.6432210803031921, 0.6510854959487915, 0.6454364061355591, 0.6548515558242798, 0.6544085144996643, 0.6601683497428894, 0.6627159714698792, 0.6643775105476379, 0.6726849675178528, 0.6890784502029419, 0.670137345790863, 0.7003766298294067, 0.6894107460975647, 0.6871954202651978, 0.7055826187133789, 0.6793309450149536, 0.707465648651123, 0.7133362889289856, 0.7193176746368408, 0.7124501466751099, 0.7265174984931946], "f1_m": [0.0, 0.00021668469707947224, 0.000866738788317889, 0.00021668469707947224, 0.0017236282583326101, 0.002367116278037429, 0.005886235740035772, 0.00518401712179184, 0.006837065331637859, 0.00812882836908102, 0.011752347461879253, 0.01841682940721512, 0.023332936689257622, 0.02550278976559639, 0.03563149645924568, 0.045495226979255676, 0.050425268709659576, 0.06797940284013748, 0.0721372738480568, 0.08692513406276703, 0.11581405997276306, 0.12749503552913666, 0.13566559553146362, 0.16031837463378906, 0.1835056096315384, 0.19395337998867035, 0.21061579883098602, 0.23157192766666412, 0.2522546350955963, 0.2672613859176636, 0.2758103907108307, 0.2967669665813446, 0.3050782084465027, 0.31282109022140503, 0.3400701880455017, 0.32014602422714233, 0.35015150904655457, 0.37423014640808105, 0.3804013133049011, 0.3907182216644287, 0.4077509343624115, 0.4097726345062256, 0.4297703504562378, 0.4237498641014099, 0.43754541873931885, 0.4460759460926056, 0.45391786098480225, 0.47512978315353394, 0.4859001338481903, 0.4859422445297241, 0.49990156292915344, 0.5017057061195374, 0.5029091835021973, 0.5173648595809937, 0.5346902012825012, 0.5362184643745422, 0.5544695854187012, 0.5468515753746033, 0.544187068939209, 0.5506376028060913, 0.5867887735366821, 0.5845692753791809, 0.5843376517295837, 0.5995396375656128, 0.6092608571052551, 0.6148440837860107, 0.6114597320556641, 0.6158961057662964, 0.6181972026824951, 0.6265664100646973, 0.6299910545349121, 0.6280264854431152, 0.6421524286270142, 0.6592444777488708, 0.644620954990387, 0.6730420589447021, 0.6665260791778564, 0.6634928584098816, 0.6851769685745239, 0.6584343314170837, 0.6866101026535034, 0.685735285282135, 0.6984078884124756, 0.6926784515380859, 0.7172811627388], "val_loss": [2.6294994354248047, 2.5515596866607666, 2.5206000804901123, 2.4952332973480225, 2.4717466831207275, 2.4617950916290283, 2.4357969760894775, 2.409353256225586, 2.363079309463501, 2.3487138748168945, 2.323335886001587, 2.3040969371795654, 2.2848963737487793, 2.2559261322021484, 2.2269060611724854, 2.263401985168457, 2.2117958068847656, 2.169128179550171, 2.2454135417938232, 2.1605846881866455, 2.162912368774414, 2.0719242095947266, 2.1019113063812256, 2.00761079788208, 2.074709892272949, 1.9930890798568726, 1.9689414501190186, 1.9669023752212524, 1.9553637504577637, 1.9815826416015625, 1.9643927812576294, 1.8893377780914307, 1.9511919021606445, 1.8815422058105469, 1.9414664506912231, 1.8892279863357544, 1.7971611022949219, 1.8144567012786865, 1.8759427070617676, 1.907019853591919, 1.8081135749816895, 1.7612411975860596, 1.920762538909912, 1.8236912488937378, 1.8094830513000488, 1.7623603343963623, 1.770501971244812, 1.7671165466308594, 1.8876210451126099, 1.7847847938537598, 1.7250890731811523, 1.7315603494644165, 1.7521393299102783, 1.7744808197021484, 1.8825305700302124, 1.7307894229888916, 1.701099157333374, 1.8328700065612793, 2.067171096801758, 1.7319015264511108, 1.804892897605896, 1.792328953742981, 1.6921265125274658, 1.7016631364822388, 1.6975127458572388, 1.8304563760757446, 1.8138542175292969, 1.6896826028823853, 1.7602490186691284, 1.7896233797073364, 1.9936424493789673, 1.755743145942688, 1.7847096920013428, 1.9482656717300415, 1.6801855564117432, 1.7977149486541748, 1.762745976448059, 1.7278774976730347, 1.7669166326522827, 1.8183304071426392, 1.8140208721160889, 1.7121506929397583, 1.8694956302642822, 1.737648606300354, 1.9634038209915161],