{"loss": [0.3691810667514801, 0.35537201166152954, 0.33836954832077026, 0.3194379210472107, 0.30086469650268555, 0.283960223197937, 0.26742881536483765, 0.2504819333553314, 0.2367311716079712, 0.22080658376216888, 0.2079685479402542, 0.19680622220039368, 0.1856549233198166, 0.17497704923152924, 0.16274389624595642, 0.15843135118484497, 0.14625121653079987, 0.1390899270772934, 0.13416148722171783, 0.1250503957271576, 0.11749548465013504, 0.11179453879594803, 0.10796983540058136, 0.10128933936357498, 0.09792567044496536, 0.09539341926574707, 0.09369652718305588, 0.08689868450164795, 0.08137752115726471, 0.07938256114721298, 0.07989927381277084, 0.0720376968383789, 0.06989595293998718, 0.06766387075185776, 0.06375767290592194, 0.06303434818983078, 0.06067461147904396, 0.058567557483911514, 0.0550488643348217, 0.05337487906217575, 0.05430082231760025, 0.05126633122563362, 0.04907767102122307, 0.04736009240150452, 0.04622172191739082, 0.0444871224462986, 0.04453808814287186, 0.04497865214943886], "accuracy": [0.11763402819633484, 0.161497563123703, 0.19605670869350433, 0.2354895919561386, 0.30770933628082275, 0.3530128598213196, 0.39997783303260803, 0.44638901948928833, 0.4780682325363159, 0.5244793891906738, 0.5629153847694397, 0.5982499122619629, 0.6282675862312317, 0.6572884321212769, 0.7023704051971436, 0.7055826187133789, 0.7514399886131287, 0.7686087489128113, 0.7731502056121826, 0.8075985908508301, 0.8352901935577393, 0.850132942199707, 0.8483606576919556, 0.8776029944419861, 0.8793752789497375, 0.8782675862312317, 0.8754984736442566, 0.9081745743751526, 0.9235711097717285, 0.9216880798339844, 0.910832941532135, 0.9479397535324097, 0.9474966526031494, 0.9510412216186523, 0.9645547270774841, 0.9553611278533936, 0.9617855548858643, 0.9653300642967224, 0.9798405170440674, 0.9799512624740601, 0.9628932476043701, 0.9756313562393188, 0.9833850264549255, 0.9882587790489197, 0.9842711687088013, 0.9896987080574036, 0.9811697006225586, 0.9716437458992004], "f1_m": [0.0, 0.0, 0.0004333693941589445, 0.005374632775783539, 0.021951621398329735, 0.06772088259458542, 0.13563376665115356, 0.23567059636116028, 0.3269933760166168, 0.4149903357028961, 0.47981488704681396, 0.5247889161109924, 0.5672363638877869, 0.6186548471450806, 0.665760338306427, 0.6743401288986206, 0.7359728217124939, 0.7497280240058899, 0.759271502494812, 0.7991711497306824, 0.8260996341705322, 0.841302216053009, 0.841590166091919, 0.8725050091743469, 0.8715121150016785, 0.8755545616149902, 0.868969738483429, 0.9047691226005554, 0.9194383025169373, 0.9169865846633911, 0.9094421863555908, 0.9436731338500977, 0.9419543743133545, 0.9471873044967651, 0.9603444337844849, 0.9548357129096985, 0.9599878191947937, 0.9632518887519836, 0.9779605269432068, 0.9766135215759277, 0.9593400359153748, 0.97394198179245, 0.9824755787849426, 0.9855028390884399, 0.983076810836792, 0.9877482652664185, 0.9794614315032959, 0.9691022634506226], "val_loss": [2.9014289379119873, 2.8263018131256104, 2.656141757965088, 2.5018064975738525, 2.3398661613464355, 2.1877787113189697, 2.015580415725708, 1.8546196222305298, 1.8388429880142212, 1.6379249095916748, 1.5428998470306396, 1.3846287727355957, 1.7636897563934326, 1.3803457021713257, 1.5069793462753296, 1.2738786935806274, 1.1694544553756714, 1.0965182781219482, 1.069087028503418, 0.969588041305542, 0.9620693325996399, 0.9900344014167786, 0.9889222979545593, 0.8759360909461975, 1.1578301191329956, 1.2028697729110718, 0.9137936234474182, 0.8795368671417236, 1.3995383977890015, 0.9559637308120728, 0.865223228931427, 1.0926650762557983, 0.9074090123176575, 0.8284190893173218, 0.8559532165527344, 0.833361804485321, 0.9612681269645691, 0.7801254987716675, 0.8255118727684021, 0.9097601771354675, 0.8036303520202637, 0.8222131133079529, 0.7949523329734802, 0.7825818657875061, 0.8163183331489563, 0.8009757399559021, 0.9449354410171509, 0.8315857648849487], "val_accuracy": [0.1456666737794876, 0.15133333206176758, 0.23233333230018616, 0.26466667652130127, 0.31833332777023315, 0.36633333563804626, 0.40933331847190857, 0.4663333296775818, 0.46266666054725647, 0.5366666913032532, 0.5546666383743286, 0.6083333492279053, 0.5113333463668823, 0.6029999852180481, 0.5546666383743286, 0.6230000257492065, 0.6733333468437195, 0.6869999766349792, 0.6933333277702332, 0.7239999771118164, 0.7239999771118164, 0.7106666564941406, 0.7236666679382324, 0.7556666731834412, 0.6759999990463257, 0.6763333082199097, 0.7406666874885559, 0.7606666684150696, 0.6383333206176758, 0.7426666617393494, 0.7620000243186951, 0.7043333053588867, 0.7516666650772095, 0.7756666541099548, 0.7696666717529297, 0.778333306312561, 0.7419999837875366, 0.7893333435058594, 0.7789999842643738, 0.7636666893959045, 0.7816666960716248, 0.777999997138977, 0.7886666655540466, 0.7926666736602783, 0.7910000085830688, 0.7850000262260437, 0.7556666731834412, 0.7739999890327454], "val_f1_m": [0.0, 0.0, 0.0013093288289383054, 0.012349944561719894, 0.022074423730373383, 0.088040292263031, 0.1814323365688324, 0.30152517557144165, 0.36552026867866516, 0.4270108938217163, 0.4806516468524933, 0.5396289229393005, 0.4682040810585022, 0.5761123299598694, 0.5374345183372498, 0.6150748133659363, 0.658378005027771, 0.6784800291061401, 0.6967475414276123, 0.7249120473861694, 0.7259420156478882, 0.7144535183906555, 0.7164870500564575, 0.7537139654159546, 0.6698352694511414, 0.6740769147872925, 0.7433538436889648, 0.7651557922363281, 0.6387140154838562, 0.7388904094696045, 0.7693161368370056, 0.7107421159744263, 0.7522339224815369, 0.7772923111915588, 0.7710944414138794, 0.7843525409698486, 0.747647225856781, 0.7958220839500427, 0.7866834998130798, 0.7619205117225647, 0.7888820171356201, 0.785615861415863, 0.791126549243927, 0.7954638600349426, 0.7905018329620361, 0.7919244170188904, 0.7598878741264343, 0.7781307697296143]}