{"loss": [0.15003079175949097, 0.14339879155158997, 0.13348834216594696, 0.1247478574514389, 0.11117871850728989, 0.10177884250879288, 0.089318186044693, 0.08121468126773834, 0.07175582647323608, 0.0612599141895771, 0.05510605499148369, 0.04936736822128296, 0.039739590138196945, 0.040519360452890396, 0.030665971338748932, 0.03098796121776104, 0.021490970626473427, 0.01651841774582863, 0.015371132642030716, 0.013372301124036312, 0.011885366402566433, 0.009901480749249458, 0.009804672561585903, 0.0056157344952225685, 0.004331736359745264, 0.0041703698225319386, 0.00322162127122283, 0.0022579121869057417, 0.0023800840135663748, 0.0016579435905441642, 0.0013687136815860868, 0.0007522228988818824, 0.0006279250374063849, 0.0006277107750065625], "accuracy": [0.09315463155508041, 0.14610101282596588, 0.22053611278533936, 0.26905184984207153, 0.3499113917350769, 0.4057376980781555, 0.48272043466567993, 0.5344483852386475, 0.5852901935577393, 0.639122724533081, 0.6763402819633484, 0.7040318846702576, 0.7680549621582031, 0.7622950673103333, 0.8164598941802979, 0.8195613622665405, 0.8728400468826294, 0.9016393423080444, 0.9100576043128967, 0.9227957725524902, 0.930881679058075, 0.9442844390869141, 0.9400753378868103, 0.9686530828475952, 0.9781789779663086, 0.9765174984931946, 0.9847142100334167, 0.9901418089866638, 0.989034116268158, 0.9922463297843933, 0.9945724606513977, 0.9978954195976257, 0.998338520526886, 0.9981169700622559], "f1_m": [0.0, 0.0006402047001756728, 0.006621408276259899, 0.03661620244383812, 0.10800617188215256, 0.2111126333475113, 0.3549530506134033, 0.4333922564983368, 0.5253034234046936, 0.6036641001701355, 0.66033935546875, 0.6948086619377136, 0.7609692811965942, 0.7543821930885315, 0.8125853538513184, 0.8137678503990173, 0.8689414262771606, 0.9010646343231201, 0.9098358154296875, 0.9232651591300964, 0.9320909976959229, 0.9433443546295166, 0.9398861527442932, 0.9686342477798462, 0.9778552055358887, 0.9762119650840759, 0.9846322536468506, 0.9891880750656128, 0.9891038537025452, 0.9925902485847473, 0.9944255948066711, 0.9979596138000488, 0.9980150461196899, 0.9980176687240601], "val_loss": [2.651376962661743, 2.485313892364502, 2.330153703689575, 2.154803991317749, 2.0812432765960693, 1.6868739128112793, 1.8828823566436768, 1.6317683458328247, 1.2941256761550903, 1.2427265644073486, 1.29743492603302, 1.094700813293457, 1.3035985231399536, 1.2284895181655884, 1.5080032348632812, 1.1277869939804077, 0.8128180503845215, 0.7998524308204651, 0.8332352638244629, 0.9196920394897461, 0.8941842317581177, 1.5530093908309937, 0.8934016227722168, 0.7795513272285461, 0.9019476771354675, 0.8086522817611694, 0.8954585790634155, 0.8993716835975647, 0.9260895252227783, 0.8792012333869934, 0.93185955286026, 0.9509212374687195, 0.9089692234992981, 0.9421036839485168], "val_accuracy": [0.12566666305065155, 0.2136666625738144, 0.24300000071525574, 0.31033334136009216, 0.3173333406448364, 0.4646666646003723, 0.39800000190734863, 0.49666666984558105, 0.5993333458900452, 0.6116666793823242, 0.593999981880188, 0.6566666960716248, 0.6060000061988831, 0.6169999837875366, 0.5526666641235352, 0.6669999957084656, 0.7603333592414856, 0.7676666378974915, 0.7573333382606506, 0.7446666955947876, 0.753000020980835, 0.6193333268165588, 0.7720000147819519, 0.793666660785675, 0.7829999923706055, 0.8066666722297668, 0.8023333549499512, 0.800000011920929, 0.7919999957084656, 0.8063333630561829, 0.8029999732971191, 0.8016666769981384, 0.8149999976158142, 0.8119999766349792], "val_f1_m": [0.0, 0.016140542924404144, 0.052584294229745865, 0.05515547841787338, 0.1473923623561859, 0.3200817406177521, 0.3218272030353546, 0.4292919933795929, 0.5387778282165527, 0.5751932263374329, 0.5746918320655823, 0.6398105025291443, 0.5810196995735168, 0.6194469928741455, 0.5469198226928711, 0.6709135174751282, 0.7601471543312073, 0.7716197371482849, 0.7596015930175781, 0.7482410073280334, 0.7560630440711975, 0.6200905442237854, 0.7770536541938782, 0.7969732880592346, 0.7873831391334534, 0.808861494064331, 0.8033904433250427, 0.8015526533126831, 0.7965532541275024, 0.8111991882324219, 0.8035035729408264, 0.8072866201400757, 0.8200663328170776, 0.8150271773338318]}