{"loss": [7.338852882385254, 6.582455158233643, 6.05132532119751, 5.685813903808594, 5.451615810394287, 5.176435947418213, 5.003816604614258, 4.801436424255371, 4.699093341827393, 4.596165180206299, 4.529729843139648, 4.451717376708984, 4.405774116516113, 4.273087978363037, 4.228966236114502, 4.229620933532715, 4.166997909545898, 4.144003391265869, 4.113165855407715, 4.067471504211426, 4.024665355682373, 4.063085556030273, 4.013742446899414, 4.0120697021484375, 3.9577250480651855, 3.9971327781677246, 3.94478178024292, 3.9538726806640625, 3.9714603424072266, 3.944328546524048, 3.8812010288238525, 3.8557121753692627, 3.9167733192443848, 3.875180721282959, 3.8759405612945557, 3.8401081562042236, 3.84374737739563, 3.8778843879699707, 3.8067355155944824, 3.832618236541748, 3.868004322052002, 3.8920116424560547, 3.805318832397461, 3.8585968017578125, 3.77852201461792, 3.8121137619018555, 3.8199777603149414, 3.8282272815704346, 3.776331901550293, 3.851039409637451, 3.768245220184326, 3.8172647953033447, 3.781235694885254, 3.8363821506500244, 3.7625460624694824, 3.811211109161377, 3.823901414871216, 3.829880475997925, 3.789008855819702, 3.7649588584899902, 3.7952005863189697, 3.7974534034729004, 3.78710675239563, 3.7229299545288086, 3.748587131500244, 3.785789728164673, 3.775120973587036, 3.795297384262085, 3.724294662475586, 3.7925968170166016, 3.785853385925293], "val_loss": [4.818951606750488, 4.0559983253479, 3.551729917526245, 3.177164077758789, 2.880995512008667, 2.612133026123047, 2.4140679836273193, 2.2469685077667236, 2.1024956703186035, 2.013826370239258, 1.8960479497909546, 1.8088160753250122, 1.7378082275390625, 1.671985387802124, 1.6137757301330566, 1.5781677961349487, 1.5279896259307861, 1.4880414009094238, 1.4636192321777344, 1.433505654335022, 1.4078724384307861, 1.3856278657913208, 1.3654078245162964, 1.3473289012908936, 1.3347166776657104, 1.3220490217208862, 1.309630274772644, 1.2960946559906006, 1.2872816324234009, 1.2779418230056763, 1.2761578559875488, 1.2567689418792725, 1.252895474433899, 1.2433840036392212, 1.241424322128296, 1.2443456649780273, 1.2338987588882446, 1.2401496171951294, 1.226779818534851, 1.2307207584381104, 1.217010259628296, 1.2227089405059814, 1.2148791551589966, 1.2178599834442139, 1.2129449844360352, 1.2113375663757324, 1.2162503004074097, 1.2130330801010132, 1.2114893198013306, 1.204667091369629, 1.204125165939331, 1.2087734937667847, 1.2085416316986084, 1.2081199884414673, 1.215052604675293, 1.2109239101409912, 1.2123667001724243, 1.1996805667877197, 1.198791742324829, 1.2052488327026367, 1.197232723236084, 1.209688425064087, 1.2054437398910522, 1.2087880373001099, 1.208091378211975, 1.199772596359253, 1.2096149921417236, 1.209637999534607, 1.2186634540557861, 1.213114857673645, 1.2096617221832275]}