{"loss": [0.35623884201049805, 0.3286426365375519, 0.30445507168769836, 0.28271743655204773, 0.2615135610103607, 0.2398407757282257, 0.2227635383605957, 0.2086867243051529, 0.19540992379188538, 0.18358492851257324, 0.17136628925800323, 0.16204701364040375, 0.15289631485939026, 0.14627417922019958, 0.13748715817928314, 0.13448810577392578, 0.12891685962677002, 0.12363094091415405, 0.11877366900444031, 0.11493296176195145, 0.10984313488006592, 0.10959881544113159, 0.10390021651983261, 0.09867362678050995, 0.10326957702636719, 0.09673327952623367, 0.09074706584215164, 0.09198043495416641, 0.08817688375711441, 0.08564593642950058, 0.08487215638160706, 0.08528834581375122, 0.08414798229932785, 0.08146060258150101, 0.07978614419698715, 0.07799000293016434, 0.07692760229110718, 0.07665467262268066, 0.07530363649129868, 0.07556506246328354, 0.07572773098945618, 0.07290559262037277, 0.07127086073160172, 0.07095827907323837, 0.07285819202661514, 0.06774066388607025, 0.06755349785089493, 0.06860757619142532, 0.06844181567430496, 0.06585710495710373, 0.06926558911800385, 0.06582964211702347, 0.06659859418869019, 0.0649903267621994, 0.06280582398176193, 0.06305757164955139, 0.0645923912525177, 0.06448479741811752, 0.06464093923568726, 0.06098198890686035, 0.06340164691209793, 0.06200471520423889, 0.06219777092337608, 0.06421715021133423, 0.06351462751626968, 0.059883926063776016, 0.0585700199007988, 0.06027638167142868, 0.06273848563432693, 0.05901555344462395, 0.06619171798229218, 0.05995466932654381, 0.05960680544376373, 0.05703345313668251, 0.05933817848563194, 0.05668262392282486, 0.05837699770927429, 0.05929458513855934, 0.055281661450862885, 0.055556245148181915, 0.06017087399959564, 0.055202703922986984, 0.05386408045887947, 0.05808832868933678, 0.055778224021196365, 0.054446469992399216, 0.0537329763174057, 0.052812837064266205, 0.055033039301633835, 0.06405416876077652, 0.054939355701208115, 0.05331435054540634, 0.05342768877744675, 0.05812731385231018, 0.05291659012436867, 0.051757220178842545, 0.0532255582511425], "accuracy": [0.06645990163087845, 0.10002215206623077, 0.11231723427772522, 0.128156840801239, 0.16171909868717194, 0.20901639759540558, 0.24601240456104279, 0.26428887248039246, 0.2913159132003784, 0.3133584260940552, 0.3439300060272217, 0.3589942455291748, 0.38103678822517395, 0.40130704641342163, 0.4286663830280304, 0.4266725778579712, 0.4472751319408417, 0.46987152099609375, 0.4836065471172333, 0.5075321197509766, 0.5279131531715393, 0.5268055200576782, 0.5619184970855713, 0.5896100997924805, 0.5657953023910522, 0.6020159721374512, 0.6389011740684509, 0.629818320274353, 0.65529465675354, 0.6696943044662476, 0.6803278923034668, 0.6746788024902344, 0.683318555355072, 0.7030349969863892, 0.7184315323829651, 0.7292866706848145, 0.7361541986465454, 0.7429109215736389, 0.7493354082107544, 0.7486708164215088, 0.7524368762969971, 0.7703810334205627, 0.7817899584770203, 0.7882144451141357, 0.7693841457366943, 0.8082631826400757, 0.8089277744293213, 0.8019495010375977, 0.8028356432914734, 0.8196721076965332, 0.7969650030136108, 0.8216659426689148, 0.8193398118019104, 0.8304165005683899, 0.8502436876296997, 0.8444838523864746, 0.833961009979248, 0.8347363471984863, 0.8396100997924805, 0.8589942455291748, 0.8452591896057129, 0.8520159721374512, 0.8489145040512085, 0.8431546092033386, 0.8480283617973328, 0.871843159198761, 0.879818320274353, 0.8650863766670227, 0.8494683504104614, 0.8766061067581177, 0.8326318264007568, 0.8723970055580139, 0.8763845562934875, 0.8918918967247009, 0.8738369345664978, 0.8925564885139465, 0.8805937170982361, 0.8736154437065125, 0.9007532000541687, 0.9010854959487915, 0.8723970055580139, 0.9007532000541687, 0.910832941532135, 0.8804829716682434, 0.8970979452133179, 0.9103899002075195, 0.9100576043128967, 0.9152636528015137, 0.8977625370025635, 0.8553389310836792, 0.9026362299919128, 0.913823664188385, 0.9101683497428894, 0.8854674100875854, 0.9153743982315063, 0.9236818552017212, 0.9131590723991394], "f1_m": [0.0, 0.0, 0.0, 0.0, 0.0, 0.0021570955868810415, 0.00410069152712822, 0.006130424328148365, 0.012985934503376484, 0.025871358811855316, 0.04785178229212761, 0.08060640096664429, 0.1274765580892563, 0.1586146354675293, 0.21571505069732666, 0.2347470372915268, 0.2771610617637634, 0.307858943939209, 0.34556806087493896, 0.3770363926887512, 0.40981999039649963, 0.41590288281440735, 0.46787229180336, 0.5065359473228455, 0.47958794236183167, 0.5332057476043701, 0.5800614953041077, 0.5692611932754517, 0.6023486256599426, 0.6302964091300964, 0.6389212012290955, 0.6287147402763367, 0.6457867622375488, 0.6678224802017212, 0.6841763257980347, 0.6967730522155762, 0.7045353055000305, 0.7116418480873108, 0.7253620624542236, 0.7233437895774841, 0.7246389985084534, 0.7451789975166321, 0.7598061561584473, 0.7671927213668823, 0.7480848431587219, 0.7912489175796509, 0.7933319211006165, 0.7796927690505981, 0.7905808687210083, 0.8021517992019653, 0.7851836681365967, 0.8068354725837708, 0.8026944994926453, 0.8189609050750732, 0.8379758596420288, 0.831673264503479, 0.8212817311286926, 0.8235588073730469, 0.8269084692001343, 0.8510902523994446, 0.8339963555335999, 0.8383102416992188, 0.840230405330658, 0.8300707936286926, 0.8383885622024536, 0.8643293976783752, 0.8705686926841736, 0.8561556935310364, 0.8430448770523071, 0.8647827506065369, 0.8213990330696106, 0.8616427779197693, 0.864689290523529, 0.884247362613678, 0.8636727333068848, 0.8866606950759888, 0.8719345331192017, 0.8696327209472656, 0.8933693766593933, 0.8924780488014221, 0.861701488494873, 0.8935533165931702, 0.9044780731201172, 0.875113844871521, 0.8860561847686768, 0.904435932636261, 0.903658390045166, 0.9071412682533264, 0.8918470144271851, 0.8397504687309265, 0.8982093930244446, 0.9065016508102417, 0.9036141037940979, 0.8781768083572388, 0.9104408025741577, 0.9191644191741943, 0.9083190560340881], "val_loss": [2.892202377319336, 2.8572518825531006, 2.8177897930145264, 2.756857395172119, 2.6094744205474854, 2.4861600399017334, 2.400474786758423, 2.3389763832092285, 2.2376701831817627, 2.147780179977417, 2.070950746536255, 1.9621248245239258, 2.0408706665039062, 1.806459665298462, 1.912752389907837, 1.6966294050216675, 1.6570066213607788, 1.7975778579711914, 1.5990797281265259, 1.477367639541626, 1.5352739095687866, 1.4202518463134766, 1.3014963865280151, 2.3570098876953125, 1.8753635883331299, 1.3038479089736938, 1.4584912061691284, 1.094368577003479, 1.1450227499008179, 1.4572219848632812, 1.4917813539505005, 1.3366225957870483, 1.0190656185150146, 1.0011181831359863, 0.9744995832443237, 1.1915409564971924, 0.998246431350708, 0.9231972694396973, 1.0232324600219727, 1.1708341836929321, 1.426933765411377, 0.870160698890686, 0.9855925440788269, 0.9534446001052856, 0.9278239607810974, 0.9682485461235046, 1.0120593309402466, 0.9536023139953613, 0.8390719294548035, 0.9974292516708374, 1.037105917930603, 0.9090811610221863, 0.784570574760437, 0.879604160785675, 0.8808520436286926, 0.8981851935386658, 0.7366388440132141, 0.9191569089889526, 0.70853590965271, 1.2411198616027832, 0.8376685976982117, 0.9494785070419312, 0.8934314846992493, 0.7602317929267883, 0.8013940453529358, 0.8959740400314331, 0.7430114150047302, 0.7566903233528137, 0.6968743205070496, 1.124893307685852, 0.7436935305595398, 0.8170600533485413, 0.709166407585144, 0.7073281407356262, 0.7542053461074829, 0.7306401133537292, 0.8086320161819458, 0.660105288028717, 0.7638735175132751, 0.698775053024292, 0.7340402007102966, 0.7445684671401978, 1.1643139123916626, 0.7084172368049622, 0.8278418183326721, 0.6854252219200134, 0.6487113833427429, 0.6737321019172668, 1.0345039367675781, 0.6920437812805176, 0.715619683265686, 0.7118430733680725, 0.7505455613136292, 0.775351881980896, 0.686902642250061, 0.8849174976348877, 0.7297614216804504],