{"loss": [0.14778272807598114, 0.14148110151290894, 0.13707245886325836, 0.1329669952392578, 0.1299462616443634, 0.12673257291316986, 0.12299050390720367, 0.12001272290945053, 0.11697201430797577, 0.11423005163669586, 0.11264712363481522, 0.1093159094452858, 0.10551417618989944, 0.1027619019150734, 0.10030330717563629, 0.09679985046386719, 0.09497112035751343, 0.0917401909828186, 0.08922227472066879, 0.08682242780923843, 0.08423101902008057, 0.08167443424463272, 0.07982566952705383, 0.07524210959672928, 0.07392346858978271, 0.07395893335342407, 0.0701369196176529, 0.06751511245965958, 0.06631634384393692, 0.061588265001773834, 0.06056602671742439, 0.060398004949092865, 0.05686134099960327, 0.055380456149578094, 0.05453396216034889, 0.05090675503015518, 0.05004269257187843, 0.05034826695919037, 0.0486215315759182, 0.04535160958766937, 0.04342643544077873, 0.042479485273361206], "accuracy": [0.10256978124380112, 0.15429773926734924, 0.19406291842460632, 0.22928667068481445, 0.25354453921318054, 0.27846699953079224, 0.3066016733646393, 0.3170137405395508, 0.3429330885410309, 0.36120957136154175, 0.36730173230171204, 0.38037216663360596, 0.411497563123703, 0.42689409852027893, 0.4374169111251831, 0.4575764238834381, 0.46322551369667053, 0.48504653573036194, 0.49579086899757385, 0.5134027600288391, 0.528799295425415, 0.5351129770278931, 0.5444173812866211, 0.5749889016151428, 0.5832964181900024, 0.5807487964630127, 0.5934869050979614, 0.6102126836776733, 0.6144217848777771, 0.6423349380493164, 0.6477625370025635, 0.6473194360733032, 0.6664820313453674, 0.6745679974555969, 0.6757864356040955, 0.7018165588378906, 0.7032565474510193, 0.6982720494270325, 0.7062472105026245, 0.7251883149147034, 0.7389233708381653, 0.7452370524406433], "f1_m": [0.0, 0.00021668469707947224, 0.0017269112868234515, 0.0034538228064775467, 0.011386283673346043, 0.016856422647833824, 0.03281101956963539, 0.06556081026792526, 0.08391422033309937, 0.11802703142166138, 0.13777342438697815, 0.17510481178760529, 0.20829525589942932, 0.232097789645195, 0.2566660940647125, 0.29625073075294495, 0.3125489056110382, 0.34247347712516785, 0.36711353063583374, 0.3791424334049225, 0.4131065905094147, 0.43980303406715393, 0.45252078771591187, 0.4907960593700409, 0.5051224827766418, 0.5032657384872437, 0.5350284576416016, 0.5468916296958923, 0.555795431137085, 0.5857046246528625, 0.6002872586250305, 0.6132920980453491, 0.6252515912055969, 0.6390242576599121, 0.6440995931625366, 0.670439600944519, 0.6760584712028503, 0.6753187775611877, 0.6803309321403503, 0.7089323997497559, 0.7207415699958801, 0.7259415984153748], "val_loss": [2.5859227180480957, 2.4869978427886963, 2.4348304271698, 2.3589651584625244, 2.3292925357818604, 2.2519893646240234, 2.233381986618042, 2.1652638912200928, 2.2032978534698486, 2.112492561340332, 2.1153321266174316, 2.0357022285461426, 2.0182249546051025, 2.061248779296875, 2.0143675804138184, 1.9973224401474, 1.9008197784423828, 1.8776484727859497, 1.8561094999313354, 1.83061683177948, 1.7732571363449097, 1.774803876876831, 1.7490190267562866, 1.7810211181640625, 1.8199650049209595, 1.7636724710464478, 1.7903403043746948, 1.8422080278396606, 1.797930121421814, 1.6587185859680176, 1.7143163681030273, 1.5999788045883179, 1.6917444467544556, 1.7999178171157837, 1.689708948135376, 1.709437608718872, 1.724346399307251, 1.7556432485580444, 1.6512234210968018, 1.7981427907943726, 1.6402418613433838, 1.6144497394561768], "val_accuracy": [0.1523333340883255, 0.19200000166893005, 0.20466665923595428, 0.2486666738986969, 0.2590000033378601, 0.29466667771339417, 0.2800000011920929, 0.3136666715145111, 0.3009999990463257, 0.3383333384990692, 0.3306666612625122, 0.3709999918937683, 0.3623333275318146, 0.3616666793823242, 0.36399999260902405, 0.3903333246707916, 0.4183333218097687, 0.4269999861717224, 0.41999998688697815, 0.43066665530204773, 0.45233333110809326, 0.4546666741371155, 0.4503333270549774, 0.45266667008399963, 0.4300000071525574, 0.4650000035762787, 0.44566667079925537, 0.4390000104904175, 0.45266667008399963, 0.503000020980835, 0.4830000102519989, 0.5206666588783264, 0.492333322763443, 0.468666672706604, 0.4970000088214874, 0.49433332681655884, 0.5116666555404663, 0.4880000054836273, 0.5233333110809326, 0.4893333315849304, 0.5120000243186951, 0.5333333611488342], "val_f1_m": [0.0, 0.0, 0.011168880388140678, 0.005207557696849108, 0.01040519680827856, 0.018145356327295303, 0.05083446204662323, 0.07796977460384369, 0.12886127829551697, 0.1378766894340515, 0.1213526502251625, 0.19496826827526093, 0.20289729535579681, 0.24788425862789154, 0.2493157535791397, 0.2744596302509308, 0.2901902496814728, 0.33585503697395325, 0.3374845087528229, 0.3444460928440094, 0.3686000406742096, 0.38290566205978394, 0.39391443133354187, 0.39265429973602295, 0.3914659321308136, 0.42931872606277466, 0.40364521741867065, 0.4098255932331085, 0.43447497487068176, 0.47050192952156067, 0.4498288035392761, 0.5000962018966675, 0.47024860978126526, 0.4536816477775574, 0.48061272501945496, 0.48809728026390076, 0.5026283264160156, 0.47781795263290405, 0.5000837445259094, 0.48984625935554504, 0.5184845328330994, 0.5302461981773376]}