{"loss": [7.317872524261475, 6.527483940124512, 5.9482421875, 5.5680060386657715, 5.339241027832031, 5.163270950317383, 4.946264743804932, 4.760798931121826, 4.6690168380737305, 4.574215888977051, 4.512312889099121, 4.4395647048950195, 4.393797397613525, 4.267634868621826, 4.226806640625, 4.225852966308594, 4.165767192840576, 4.145263671875, 4.094082355499268, 4.067744731903076, 4.025979042053223, 4.066902160644531, 4.014249324798584, 4.017138957977295, 3.9603939056396484, 3.997851848602295, 3.9456703662872314, 3.9574151039123535, 3.9730446338653564, 3.945462942123413, 3.883716106414795, 3.857465982437134, 3.917259931564331, 3.874756097793579, 3.876166820526123, 3.8385009765625, 3.8440122604370117, 3.875763416290283, 3.805884599685669, 3.833343744277954, 3.862849712371826, 3.8904266357421875, 3.801020860671997, 3.8573617935180664, 3.7761900424957275, 3.8095455169677734, 3.8168587684631348, 3.8269267082214355, 3.7720537185668945, 3.8499269485473633, 3.7664315700531006, 3.8164069652557373, 3.777238368988037, 3.8364810943603516, 3.7610208988189697, 3.8088910579681396, 3.8214199542999268, 3.826213836669922, 3.785815477371216, 3.7627580165863037], "val_loss": [4.756035327911377, 3.9275357723236084, 3.4078497886657715, 3.0407702922821045, 2.7575390338897705, 2.5456480979919434, 2.3565146923065186, 2.2062368392944336, 2.08150577545166, 1.982343077659607, 1.892547845840454, 1.8238329887390137, 1.7319484949111938, 1.6725544929504395, 1.6212518215179443, 1.578924536705017, 1.5368311405181885, 1.50149405002594, 1.4753575325012207, 1.4485443830490112, 1.4145478010177612, 1.4055982828140259, 1.393627643585205, 1.3726441860198975, 1.3526102304458618, 1.3385523557662964, 1.3241037130355835, 1.3179203271865845, 1.3005037307739258, 1.2940107583999634, 1.2835748195648193, 1.2759833335876465, 1.2672024965286255, 1.26291823387146, 1.2594643831253052, 1.2633548974990845, 1.2514699697494507, 1.2474732398986816, 1.2479485273361206, 1.240673303604126, 1.2312077283859253, 1.234943151473999, 1.2278475761413574, 1.23854398727417, 1.2320042848587036, 1.2313939332962036, 1.2215852737426758, 1.2357230186462402, 1.2284353971481323, 1.2205476760864258, 1.2229194641113281, 1.229743480682373, 1.2245042324066162, 1.22983717918396, 1.2282027006149292, 1.224657416343689, 1.2213869094848633, 1.2221568822860718, 1.2287282943725586, 1.2258954048156738]}