{"loss": [0.14804096519947052, 0.14317218959331512, 0.14037367701530457, 0.13866333663463593, 0.13662782311439514, 0.1339096873998642, 0.13226807117462158, 0.12967707216739655, 0.12721621990203857, 0.1256786584854126, 0.12523195147514343, 0.12254146486520767, 0.12083660066127777, 0.11867385357618332, 0.11766662448644638, 0.11526952683925629, 0.11462953686714172, 0.11133162677288055, 0.10965115576982498, 0.10945294052362442, 0.10649774968624115, 0.10549569875001907, 0.1035623699426651, 0.10354530066251755, 0.1014561653137207, 0.10024227201938629, 0.09705673158168793, 0.09719766676425934, 0.10096366703510284, 0.09600967168807983, 0.09495756030082703, 0.09234651923179626, 0.09204630553722382, 0.08980948477983475, 0.08750824630260468, 0.08668667823076248, 0.08538875728845596, 0.08454509824514389, 0.08881653100252151, 0.08142049610614777, 0.08016771823167801, 0.08045218884944916, 0.0791255310177803, 0.0770462304353714, 0.07590948045253754, 0.07642766088247299, 0.07334236055612564, 0.07372491806745529, 0.07176956534385681, 0.0707264244556427, 0.071502186357975, 0.07003191113471985, 0.06651036441326141, 0.06666117161512375, 0.0652860477566719, 0.06619218736886978, 0.06557391583919525, 0.06514877080917358, 0.06415141373872757, 0.06426651030778885, 0.05882980674505234, 0.06687141209840775, 0.0575765036046505, 0.058266960084438324, 0.0557476170361042, 0.058531828224658966, 0.05504913628101349, 0.05350833013653755, 0.05600912868976593], "accuracy": [0.09337615966796875, 0.12826761603355408, 0.15197163820266724, 0.1631590574979782, 0.17722640931606293, 0.20713336765766144, 0.22596366703510284, 0.2372618466615677, 0.25188302993774414, 0.2742578685283661, 0.265507310628891, 0.28954362869262695, 0.30671244859695435, 0.31346920132637024, 0.3224412798881531, 0.33805936574935913, 0.34437304735183716, 0.36519715189933777, 0.36696943640708923, 0.3674125075340271, 0.395990252494812, 0.3979840576648712, 0.40429773926734924, 0.40463003516197205, 0.420026570558548, 0.42046964168548584, 0.4427337050437927, 0.43752768635749817, 0.4174789488315582, 0.45037660002708435, 0.45680105686187744, 0.46455472707748413, 0.4657731354236603, 0.47596368193626404, 0.49446168541908264, 0.4885910451412201, 0.49955692887306213, 0.5043199062347412, 0.48061585426330566, 0.5214887261390686, 0.5279131531715393, 0.5239255428314209, 0.535666823387146, 0.5475188493728638, 0.5573770403862, 0.5484049916267395, 0.5704475045204163, 0.5609215497970581, 0.572995126247406, 0.5836287140846252, 0.5704475045204163, 0.5806379914283752, 0.6044527888298035, 0.5948161482810974, 0.6071112155914307, 0.6033451557159424, 0.6047850847244263, 0.6052281856536865, 0.6139787435531616, 0.610877275466919, 0.6478732824325562, 0.610877275466919, 0.6478732824325562, 0.6505316495895386, 0.6572884321212769, 0.6454364061355591, 0.6620513796806335, 0.6698050498962402, 0.6554054021835327], "f1_m": [0.00043008627835661173, 0.001510226633399725, 0.00259036710485816, 0.007496482692658901, 0.009350575506687164, 0.01260016392916441, 0.014403922483325005, 0.026797326281666756, 0.03237459063529968, 0.037822384387254715, 0.0457233190536499, 0.06227392703294754, 0.07654573023319244, 0.09479766339063644, 0.11336915194988251, 0.12863990664482117, 0.13465316593647003, 0.16750489175319672, 0.1793319433927536, 0.18861739337444305, 0.21938636898994446, 0.22180014848709106, 0.23714350163936615, 0.238921120762825, 0.26572978496551514, 0.27846449613571167, 0.3019953668117523, 0.30694112181663513, 0.2709364891052246, 0.3171110153198242, 0.3318680226802826, 0.34878233075141907, 0.35860729217529297, 0.3740440905094147, 0.3947699964046478, 0.39856597781181335, 0.40555745363235474, 0.4149235785007477, 0.3882318437099457, 0.445090115070343, 0.4507904052734375, 0.4481571316719055, 0.4654702842235565, 0.477874755859375, 0.48318493366241455, 0.4812403917312622, 0.5079848766326904, 0.506749153137207, 0.5167784094810486, 0.526212215423584, 0.5253255367279053, 0.5301352739334106, 0.5579628944396973, 0.5474538803100586, 0.5637673139572144, 0.561061680316925, 0.5631006956100464, 0.5735808610916138, 0.5758453607559204, 0.5710760354995728, 0.6150110960006714, 0.5719166994094849, 0.6209111213684082, 0.6198106408119202, 0.6276634335517883, 0.6176488995552063, 0.640082061290741, 0.6507615447044373, 0.6348541975021362], "val_loss": [2.5742363929748535, 2.539417266845703, 2.518244743347168, 2.4730031490325928, 2.451549768447876, 2.3806190490722656, 2.3548500537872314, 2.3539905548095703, 2.464629650115967, 2.3122506141662598, 2.2894773483276367, 2.294116973876953, 2.222853422164917, 2.240511178970337, 2.1465630531311035, 2.1488733291625977, 2.0938384532928467, 2.2121574878692627, 2.064818859100342, 2.0485775470733643, 2.1114556789398193, 2.0490407943725586, 2.055305004119873, 2.019169807434082, 2.0496439933776855, 2.008423328399658, 1.9848668575286865, 2.02010440826416, 1.9905405044555664, 2.0012645721435547, 2.0882222652435303, 2.015369176864624, 1.9119632244110107, 1.921722650527954, 1.9285428524017334, 1.9116103649139404, 1.8734506368637085, 1.9234302043914795, 1.8922799825668335, 1.889304518699646, 1.9314881563186646, 2.086461305618286, 1.8231110572814941, 1.8455551862716675, 1.9501631259918213, 1.8619621992111206, 1.8577672243118286, 1.7983187437057495, 2.018343448638916, 1.955328345298767, 1.8125284910202026, 1.7920430898666382, 1.9533108472824097, 1.79713773727417, 2.0166125297546387, 1.8952137231826782, 1.924363613128662, 1.9005036354064941, 1.7617502212524414, 1.8655401468276978, 2.1536707878112793, 1.9032418727874756, 1.9428902864456177, 1.9266374111175537, 2.005054473876953, 1.8249417543411255, 1.8815151453018188, 1.8626205921173096, 1.8629841804504395], "val_accuracy": [0.13466666638851166, 0.1366666704416275, 0.15433333814144135, 0.1679999977350235, 0.1626666635274887, 0.22166666388511658, 0.234333336353302, 0.22366666793823242, 0.1993333399295807, 0.23333333432674408, 0.2529999911785126, 0.2613333463668823, 0.29600000381469727, 0.28033334016799927, 0.3166666626930237, 0.31166666746139526, 0.3396666646003723, 0.3009999990463257, 0.351666659116745, 0.3583333194255829, 0.33899998664855957, 0.3466666638851166, 0.34933334589004517, 0.3643333315849304, 0.3553333282470703, 0.3633333444595337, 0.3779999911785126, 0.3583333194255829, 0.37400001287460327, 0.37933334708213806, 0.3709999918937683, 0.3866666555404663, 0.41466665267944336, 0.40299999713897705, 0.41600000858306885, 0.41866666078567505, 0.41999998688697815, 0.406333327293396, 0.43433332443237305, 0.41999998688697815, 0.42100000381469727, 0.3813333213329315, 0.44433334469795227, 0.43066665530204773, 0.4103333353996277, 0.44066667556762695, 0.44466665387153625, 0.46033334732055664, 0.4323333203792572, 0.4230000078678131, 0.46833333373069763, 0.4560000002384186, 0.43033334612846375, 0.4659999907016754, 0.43966665863990784, 0.4449999928474426, 0.445333331823349, 0.4440000057220459, 0.48399999737739563, 0.4636666774749756, 0.4189999997615814, 0.4676666557788849, 0.46933332085609436, 0.46399998664855957, 0.4580000042915344, 0.4736666679382324, 0.4729999899864197, 0.4623333215713501, 0.4830000102519989],