{"loss": [0.150777205824852, 0.1505686491727829, 0.1503523588180542, 0.15008248388767242, 0.149685338139534, 0.14905308187007904, 0.14800390601158142, 0.1460772603750229, 0.14285419881343842, 0.1382991075515747, 0.1339344084262848, 0.13002417981624603, 0.12670423090457916, 0.1236676275730133, 0.12034036964178085, 0.11579875648021698, 0.11199184507131577, 0.10770267248153687, 0.10348939150571823, 0.10230330377817154, 0.0972527340054512, 0.09314605593681335, 0.09066998958587646, 0.08679323643445969, 0.08352245390415192, 0.08173200488090515, 0.08094033598899841, 0.07387803494930267, 0.07076901942491531, 0.07110708951950073, 0.06485765427350998, 0.06383419781923294, 0.05807255953550339, 0.05676059424877167, 0.05504782125353813, 0.05214479938149452, 0.049229416996240616, 0.05034986138343811, 0.045549098402261734, 0.04344530776143074, 0.04284539073705673, 0.03940919414162636, 0.040406275540590286, 0.03759153187274933, 0.035049453377723694, 0.03371221944689751, 0.03619471564888954, 0.031131824478507042, 0.031706858426332474, 0.02819140814244747, 0.027505869045853615, 0.026210704818367958, 0.025249868631362915, 0.023559987545013428, 0.02343657799065113, 0.023937681689858437, 0.021180449053645134, 0.019803939387202263, 0.01967531256377697, 0.01805723085999489, 0.016703028231859207, 0.017213791608810425, 0.016682719811797142, 0.01450534351170063, 0.01777893677353859, 0.013346591033041477, 0.01272578164935112, 0.012284991331398487, 0.011347931809723377, 0.01160647813230753, 0.011127983219921589, 0.010699678212404251, 0.009810129180550575, 0.00859093014150858, 0.007971672341227531, 0.008456634357571602, 0.007174329832196236], "accuracy": [0.08573327213525772, 0.1271599531173706, 0.12926450371742249, 0.13314133882522583, 0.1504209190607071, 0.16393442451953888, 0.17423571646213531, 0.1867523193359375, 0.1938413828611374, 0.21677005290985107, 0.23759415745735168, 0.26229506731033325, 0.27447938919067383, 0.29330968856811523, 0.31369075179100037, 0.33794859051704407, 0.3581081032752991, 0.37605229020118713, 0.4024147093296051, 0.4080637991428375, 0.431657075881958, 0.458019495010376, 0.46521931886672974, 0.49003100395202637, 0.5137350559234619, 0.5177226662635803, 0.5358883738517761, 0.5692290663719177, 0.5879486203193665, 0.5832964181900024, 0.6214001178741455, 0.6256092190742493, 0.6558484435081482, 0.6640452146530151, 0.6763402819633484, 0.6905183792114258, 0.710456371307373, 0.7032565474510193, 0.7250775098800659, 0.7382587790489197, 0.7415817379951477, 0.7612981796264648, 0.7558706402778625, 0.7712671756744385, 0.7899867296218872, 0.7975188493728638, 0.7847806811332703, 0.8057155609130859, 0.8054940104484558, 0.830970287322998, 0.833961009979248, 0.8393885493278503, 0.8469206690788269, 0.8596588373184204, 0.8587726950645447, 0.8505759835243225, 0.8694062829017639, 0.8838059306144714, 0.8831413388252258, 0.8872396945953369, 0.8997563123703003, 0.8954364061355591, 0.8979840278625488, 0.9145990014076233, 0.8897873163223267, 0.9230172634124756, 0.9245679974555969, 0.9261187314987183, 0.9313247799873352, 0.9288879036903381, 0.9293309450149536, 0.9364200234413147, 0.9428445100784302, 0.9512627124786377, 0.9535888433456421, 0.9498227834701538, 0.9576871991157532], "f1_m": [0.0, 0.0, 0.0, 0.0, 0.0, 0.0, 0.0, 0.0, 0.0, 0.0015005733584985137, 0.002810334786772728, 0.00516480440273881, 0.006034340243786573, 0.011978856287896633, 0.016270196065306664, 0.032386429607868195, 0.05456899479031563, 0.09160678088665009, 0.13213816285133362, 0.1602068692445755, 0.19445154070854187, 0.2442661076784134, 0.27897021174430847, 0.3245387673377991, 0.36695370078086853, 0.39844805002212524, 0.4053284525871277, 0.47496816515922546, 0.4990427792072296, 0.5104354619979858, 0.5588995218276978, 0.5720190405845642, 0.6110819578170776, 0.6281062364578247, 0.6431872844696045, 0.6645060777664185, 0.6804776191711426, 0.6727014780044556, 0.7088478207588196, 0.7240467071533203, 0.7303473949432373, 0.7521957755088806, 0.7448495030403137, 0.7641499638557434, 0.7838718295097351, 0.7860997915267944, 0.7779492735862732, 0.8022364974021912, 0.8002520203590393, 0.8272849321365356, 0.8302262425422668, 0.8372243046760559, 0.8430958390235901, 0.8549617528915405, 0.858441174030304, 0.8523306846618652, 0.8722312450408936, 0.8772910833358765, 0.8800833225250244, 0.8875290751457214, 0.8990911841392517, 0.8920884728431702, 0.8986226320266724, 0.9117919206619263, 0.8903059363365173, 0.9230282306671143, 0.924092173576355, 0.9269793033599854, 0.9322711825370789, 0.9280348420143127, 0.9307312369346619, 0.9365594387054443, 0.9425475597381592, 0.951309084892273, 0.9532457590103149, 0.9490353465080261, 0.9574177861213684], "val_loss": [2.704580307006836, 2.7007195949554443, 2.696394205093384, 2.690408945083618, 2.6812851428985596, 2.666555404663086, 2.639812707901001, 2.5930111408233643, 2.517191171646118, 2.423448324203491, 2.344602584838867, 2.291154146194458, 2.231670618057251, 2.176029682159424, 2.1599159240722656, 2.030311107635498, 2.095647096633911, 1.88238525390625, 1.8991258144378662, 1.7731025218963623, 1.7232247591018677, 1.6722136735916138, 1.593441367149353, 1.5445160865783691, 1.6192659139633179, 1.6496806144714355, 1.4523193836212158, 1.3418595790863037, 1.3151949644088745, 1.2579612731933594, 1.4585161209106445, 1.1943957805633545, 1.2874783277511597, 1.2034000158309937, 1.1077382564544678, 1.0115723609924316, 1.2376453876495361, 0.995072603225708, 0.9830944538116455, 0.9502184391021729, 0.8923433423042297, 1.0068947076797485, 0.8778613209724426, 0.8671393394470215, 0.8620611429214478, 0.9860915541648865, 0.7976284027099609, 0.9133020639419556, 0.8002063035964966, 0.765694797039032, 0.7797150611877441, 0.7385568022727966, 0.7262597680091858, 0.7214654684066772, 0.8671051263809204, 0.9377589225769043, 0.719170093536377, 0.9000605344772339, 0.7591593265533447, 0.7200359106063843, 0.7802597880363464, 0.7219440340995789, 0.680795431137085, 0.719776451587677, 0.6456380486488342, 0.6672677397727966, 0.6435247659683228, 0.7303754687309265, 0.6589604616165161, 0.6486545205116272, 0.6739142537117004, 0.6635964512825012, 0.650581419467926, 0.6642104983329773, 0.699733555316925, 0.6682266592979431, 0.6829399466514587], "val_accuracy": [0.09333333373069763, 0.08699999749660492, 0.10133333504199982, 0.11833333224058151, 0.13600000739097595, 0.15533334016799927, 0.1576666682958603, 0.1863333284854889, 0.19566667079925537, 0.23233333230018616, 0.25699999928474426, 0.2693333327770233, 0.28733333945274353, 0.3006666600704193, 0.3136666715145111, 0.3553333282470703, 0.33266666531562805, 0.4090000092983246, 0.3843333423137665, 0.43833333253860474, 0.43966665863990784, 0.46266666054725647, 0.4860000014305115, 0.5059999823570251, 0.4716666638851166, 0.47200000286102295, 0.5216666460037231, 0.5789999961853027, 0.5870000123977661, 0.6033333539962769, 0.5423333048820496, 0.6083333492279053, 0.5809999704360962, 0.6213333606719971, 0.6556666493415833, 0.6859999895095825, 0.5913333296775818, 0.6859999895095825, 0.6933333277702332, 0.6959999799728394, 0.718999981880188, 0.671999990940094, 0.7170000076293945, 0.7253333330154419, 0.7293333411216736, 0.7006666660308838, 0.7563333511352539, 0.7160000205039978, 0.7456666827201843, 0.7613333463668823, 0.7580000162124634, 0.7753333449363708, 0.781000018119812, 0.7756666541099548, 0.7356666922569275, 0.718666672706604, 0.7873333096504211, 0.737333357334137, 0.7716666460037231, 0.7836666703224182, 0.7683333158493042, 0.7956666946411133, 0.8063333630561829, 0.8029999732971191, 0.8133333325386047, 0.8086666464805603, 0.8176666498184204, 0.7986666560173035, 0.8163333535194397, 0.8263333439826965, 0.8106666803359985, 0.8193333148956299, 0.8259999752044678, 0.8196666836738586, 0.8173333406448364, 0.82833331823349, 0.8190000057220459],