{"loss": [0.15079574286937714, 0.15049578249454498, 0.15014943480491638, 0.1495799720287323, 0.14856001734733582, 0.14650429785251617, 0.1426192969083786, 0.13757702708244324, 0.13290424644947052, 0.13048437237739563, 0.12785391509532928, 0.12598514556884766, 0.12260301411151886, 0.11935213953256607, 0.11549647152423859, 0.11047600209712982, 0.10512351244688034, 0.10054940730333328, 0.09548153728246689, 0.09061846137046814, 0.08818244189023972, 0.08349233120679855, 0.07862459123134613, 0.07696020603179932, 0.07525113224983215, 0.07033216208219528, 0.06739544868469238, 0.06461918354034424, 0.06170744076371193, 0.05935364589095116, 0.06046975031495094, 0.05355490371584892, 0.052798304706811905, 0.04764789715409279, 0.04742760583758354, 0.046029359102249146, 0.041933897882699966, 0.04062015563249588, 0.040496908128261566, 0.03727097436785698, 0.03538825362920761, 0.035842567682266235, 0.03252433240413666, 0.031329549849033356, 0.029739122837781906, 0.02817751094698906, 0.027256406843662262, 0.029080592095851898, 0.024740753695368767, 0.024942975491285324, 0.02144857496023178, 0.021328730508685112, 0.02032473497092724, 0.020407147705554962, 0.018102817237377167, 0.016585124656558037, 0.017472043633461, 0.014983232133090496, 0.0138231897726655, 0.014326791279017925, 0.013246815651655197, 0.012101437896490097, 0.01220218650996685, 0.01192106120288372, 0.010150299407541752, 0.01748272031545639, 0.009801538661122322, 0.00864447746425867, 0.00818098895251751, 0.007811523042619228, 0.0073410156182944775, 0.007691476959735155, 0.006117444951087236, 0.005984989460557699, 0.005536279175430536, 0.005463300738483667, 0.005064832977950573, 0.004297737963497639], "accuracy": [0.08185644447803497, 0.11940629035234451, 0.1177447959780693, 0.10378821194171906, 0.15330083668231964, 0.16703589260578156, 0.1823216676712036, 0.21311475336551666, 0.23770491778850555, 0.24955692887306213, 0.27137792110443115, 0.28732830286026, 0.3071555197238922, 0.3224412798881531, 0.3482498824596405, 0.3772706985473633, 0.39997783303260803, 0.4182543158531189, 0.4380815327167511, 0.4680992364883423, 0.4872618615627289, 0.5024368762969971, 0.5376605987548828, 0.5489587783813477, 0.5546078681945801, 0.5844040513038635, 0.6006867289543152, 0.6190739870071411, 0.63502436876297, 0.6494240164756775, 0.642113447189331, 0.6850908398628235, 0.6883030533790588, 0.7171023488044739, 0.7230837345123291, 0.7237483263015747, 0.7502215504646301, 0.7566459774971008, 0.7569782733917236, 0.778799295425415, 0.7875498533248901, 0.7854452729225159, 0.8046078681945801, 0.8075985908508301, 0.8204475045204163, 0.826871931552887, 0.8347363471984863, 0.8211120963096619, 0.8459237813949585, 0.8494683504104614, 0.8674125075340271, 0.8690739870071411, 0.8729507923126221, 0.8731723427772522, 0.8881258368492126, 0.9024147391319275, 0.8931103348731995, 0.9103899002075195, 0.9175897240638733, 0.9102791547775269, 0.9153743982315063, 0.9265618324279785, 0.9250110983848572, 0.9297740459442139, 0.9388568997383118, 0.8920026421546936, 0.9426229596138, 0.9513735175132751, 0.955028772354126, 0.9551395773887634, 0.9577979445457458, 0.9546964764595032, 0.9680992364883423, 0.9705361127853394, 0.973637580871582, 0.9707576632499695, 0.9761852025985718, 0.9807265996932983], "f1_m": [0.0, 0.0, 0.0, 0.0, 0.0, 0.0, 0.0, 0.0012807035818696022, 0.005620669573545456, 0.00879591703414917, 0.010435160249471664, 0.018436480313539505, 0.031398072838783264, 0.04766989126801491, 0.06571950763463974, 0.09739909321069717, 0.14036326110363007, 0.1870463341474533, 0.24625948071479797, 0.2997855544090271, 0.3448234498500824, 0.3871057629585266, 0.4273335933685303, 0.45467665791511536, 0.46994033455848694, 0.5160848498344421, 0.5360727906227112, 0.5610514283180237, 0.5860249996185303, 0.604785680770874, 0.5993759632110596, 0.6548523306846619, 0.6547995209693909, 0.695641279220581, 0.6976639628410339, 0.7089056372642517, 0.7331991791725159, 0.7429479956626892, 0.7455742359161377, 0.7676043510437012, 0.7752617597579956, 0.7747983932495117, 0.7984215021133423, 0.8035361766815186, 0.8135152459144592, 0.8260456919670105, 0.8281594514846802, 0.8219133615493774, 0.8444374799728394, 0.8465731739997864, 0.8667624592781067, 0.8706772327423096, 0.8727346658706665, 0.871483564376831, 0.8885723948478699, 0.9001607298851013, 0.8921284079551697, 0.9093576073646545, 0.9181345701217651, 0.9100996255874634, 0.914944052696228, 0.9263846278190613, 0.9237625598907471, 0.9298979043960571, 0.9375139474868774, 0.8931806683540344, 0.9434733986854553, 0.9508084654808044, 0.9538953304290771, 0.9543481469154358, 0.9585410952568054, 0.9542040824890137, 0.9678371548652649, 0.9712220430374146, 0.9727986454963684, 0.9706417918205261, 0.9761568307876587, 0.9803841710090637], "val_loss": [2.703873634338379, 2.6988871097564697, 2.691251039505005, 2.677828550338745, 2.651820659637451, 2.598407506942749, 2.507352828979492, 2.4217474460601807, 2.3437013626098633, 2.3239715099334717, 2.2767550945281982, 2.214292526245117, 2.1672067642211914, 2.1077213287353516, 2.0158941745758057, 1.9744482040405273, 1.8662774562835693, 1.8212316036224365, 1.6668102741241455, 1.6361470222473145, 1.5418256521224976, 1.450443983078003, 1.555057168006897, 1.4412734508514404, 1.3361996412277222, 1.3151721954345703, 1.2797199487686157, 1.2346148490905762, 1.1225488185882568, 1.2027873992919922, 1.0648231506347656, 1.230968713760376, 1.0124261379241943, 1.04986572265625, 1.0795077085494995, 1.0011272430419922, 0.9006964564323425, 0.9839677810668945, 0.8658266067504883, 0.8701561689376831, 0.8363617062568665, 0.8283266425132751, 0.9376696944236755, 0.7944657206535339, 0.7874482274055481, 0.8549615144729614, 0.9076260328292847, 0.8072446584701538, 0.9312677383422852, 0.7084965109825134, 0.7523598074913025, 0.7396892309188843, 0.7433792352676392, 0.7129190564155579, 0.6791881322860718, 0.7621228694915771, 0.714302659034729, 0.6860415935516357, 0.669526994228363, 0.7050758600234985, 0.7374743819236755, 0.6686551570892334, 0.65902179479599, 0.6576321721076965, 0.8029941320419312, 0.6463915109634399, 0.704755961894989, 0.6395342350006104, 0.6549240350723267, 0.6636313199996948, 0.6712812781333923, 0.6484585404396057, 0.6785468459129333, 0.6628291606903076, 0.6881526708602905, 0.6953766345977783, 0.6574773788452148, 0.6704590916633606], "val_accuracy": [0.09233333170413971, 0.10433333367109299, 0.10566666722297668, 0.1316666603088379, 0.1523333340883255, 0.17633333802223206, 0.19366666674613953, 0.21166667342185974, 0.23800000548362732, 0.24633333086967468, 0.26766666769981384, 0.2823333442211151, 0.3176666796207428, 0.33933332562446594, 0.36000001430511475, 0.3696666657924652, 0.39666667580604553, 0.4216666519641876, 0.4763333201408386, 0.46666666865348816, 0.5070000290870667, 0.5296666622161865, 0.5049999952316284, 0.5326666831970215, 0.5676666498184204, 0.5676666498184204, 0.593666672706604, 0.6019999980926514, 0.6463333368301392, 0.6243333220481873, 0.6703333258628845, 0.621999979019165, 0.6793333292007446, 0.6696666479110718, 0.6650000214576721, 0.6836666464805603, 0.731333315372467, 0.6923333406448364, 0.7323333621025085, 0.7316666841506958, 0.7386666536331177, 0.7379999756813049, 0.7106666564941406, 0.7566666603088379, 0.7526666522026062, 0.7360000014305115, 0.7193333506584167, 0.7483333349227905, 0.7253333330154419, 0.7903333306312561, 0.7739999890327454, 0.7760000228881836, 0.7793333530426025, 0.7896666526794434, 0.8029999732971191, 0.7773333191871643, 0.7943333387374878, 0.8036666512489319, 0.8083333373069763, 0.8013333082199097, 0.7896666526794434, 0.8130000233650208, 0.815666675567627, 0.8176666498184204, 0.7806666493415833, 0.8186666369438171, 0.8019999861717224, 0.8256666660308838, 0.8253333568572998, 0.8240000009536743, 0.8230000138282776, 0.828000009059906, 0.8259999752044678, 0.828000009059906, 0.8246666789054871, 0.824999988079071, 0.8349999785423279, 0.8316666483879089],