{"loss": [0.1498103141784668, 0.14212943613529205, 0.13168755173683167, 0.12346912920475006, 0.10770847648382187, 0.09974539279937744, 0.08455529063940048, 0.07518695294857025, 0.06900247931480408, 0.059591494500637054, 0.05190570652484894, 0.04797445982694626, 0.04073326662182808, 0.03755735605955124, 0.02998708374798298, 0.030055386945605278, 0.022000517696142197, 0.018552452325820923, 0.017028184607625008, 0.014522231183946133, 0.011644815094769001, 0.009908662177622318, 0.008209836669266224, 0.005900424439460039, 0.0048515163362026215, 0.004267137497663498, 0.0030981204472482204], "accuracy": [0.10190518200397491, 0.1608329713344574, 0.23648647964000702, 0.28178998827934265, 0.3714000880718231, 0.41603899002075195, 0.5155072808265686, 0.5587062239646912, 0.5898316502571106, 0.6537439227104187, 0.6940628886222839, 0.7172130942344666, 0.7607443332672119, 0.7789100408554077, 0.819118320941925, 0.8267611861228943, 0.8692955374717712, 0.8849136233329773, 0.8992024660110474, 0.912162184715271, 0.9346477389335632, 0.940186083316803, 0.9510412216186523, 0.9669916033744812, 0.9730837345123291, 0.977514386177063, 0.9865972399711609], "f1_m": [0.0, 0.00193712767213583, 0.011583428829908371, 0.04093986749649048, 0.140663281083107, 0.23435084521770477, 0.40096497535705566, 0.4871535003185272, 0.5497093200683594, 0.6182276606559753, 0.6758142113685608, 0.7017046809196472, 0.7550923824310303, 0.7721015810966492, 0.8157451152801514, 0.8187808394432068, 0.8654999136924744, 0.8872118592262268, 0.89976966381073, 0.9111562371253967, 0.9318324327468872, 0.9417377710342407, 0.950348973274231, 0.9667981863021851, 0.9738875031471252, 0.977824866771698, 0.9867817163467407], "val_loss": [2.6386501789093018, 2.4480655193328857, 2.3194899559020996, 2.1379218101501465, 2.0244593620300293, 1.5840699672698975, 1.73237943649292, 1.7587591409683228, 1.3478374481201172, 1.2225167751312256, 1.1075901985168457, 1.1530234813690186, 0.9627622961997986, 0.915073573589325, 1.5887383222579956, 0.9862145185470581, 0.8104232549667358, 0.9958440065383911, 0.9158755540847778, 0.8498465418815613, 0.9088107347488403, 0.8419850468635559, 0.837340235710144, 0.8363366723060608, 0.8754045963287354, 0.8486876487731934, 0.8781928420066833], "val_accuracy": [0.1313333362340927, 0.18333333730697632, 0.22866666316986084, 0.30433332920074463, 0.3283333480358124, 0.4893333315849304, 0.4403333365917206, 0.43566668033599854, 0.5753333568572998, 0.6186666488647461, 0.656333327293396, 0.6380000114440918, 0.7053333520889282, 0.7106666564941406, 0.5580000281333923, 0.7099999785423279, 0.7643333077430725, 0.7166666388511658, 0.746999979019165, 0.768666684627533, 0.762333333492279, 0.7699999809265137, 0.7850000262260437, 0.7860000133514404, 0.7866666913032532, 0.7940000295639038, 0.7946666479110718], "val_f1_m": [0.0, 0.005891979206353426, 0.031483907252550125, 0.051892492920160294, 0.1613350808620453, 0.3590999245643616, 0.404446542263031, 0.36349591612815857, 0.5505989789962769, 0.5895573496818542, 0.6433714032173157, 0.6346650719642639, 0.7048631310462952, 0.7054331302642822, 0.5489618182182312, 0.7117339372634888, 0.7619208693504333, 0.7200554609298706, 0.7467319369316101, 0.7728530168533325, 0.7637553811073303, 0.7792066335678101, 0.7884091138839722, 0.7901061773300171, 0.7910311818122864, 0.7997855544090271, 0.799946129322052]}