{"loss": [0.3688940107822418, 0.35397928953170776, 0.3361125588417053, 0.3191351592540741, 0.30114978551864624, 0.2833128869533539, 0.2664206326007843, 0.25242331624031067, 0.2353605479001999, 0.22423461079597473, 0.21199415624141693, 0.1983940601348877, 0.1856158971786499, 0.1761092245578766, 0.16532860696315765, 0.15630866587162018, 0.14925915002822876, 0.1403929442167282, 0.13321524858474731, 0.12535101175308228, 0.12164337933063507, 0.11219097673892975, 0.1086040809750557, 0.10355357080698013, 0.09763909876346588, 0.09219067543745041, 0.08785594999790192, 0.08636270463466644, 0.08099516481161118, 0.07782749086618423, 0.07608792930841446, 0.07328241318464279, 0.06946872919797897, 0.06694014370441437, 0.0647740364074707, 0.06323760747909546, 0.0585755854845047, 0.057575445622205734, 0.05708831548690796, 0.0539475753903389, 0.05132722854614258, 0.049223076552152634, 0.048878591507673264, 0.047681357711553574, 0.04964363947510719, 0.04865723475813866, 0.04429524764418602, 0.04211800545454025, 0.04091259092092514, 0.04004840925335884, 0.040386393666267395, 0.03845341131091118, 0.037078820168972015, 0.03729454055428505, 0.04006284847855568, 0.037364400923252106, 0.05247647315263748, 0.038035836070775986, 0.034281592816114426, 0.03310272842645645, 0.03309115022420883, 0.031626053154468536, 0.03121795505285263, 0.03018089383840561, 0.029759103432297707, 0.03194409981369972, 0.03039228543639183, 0.02925882861018181, 0.028039811179041862, 0.0279439277946949, 0.028984127566218376, 0.031801193952560425, 0.029465949162840843, 0.027035024017095566], "accuracy": [0.08241027593612671, 0.10190518200397491, 0.15928223729133606, 0.23947718739509583, 0.30638015270233154, 0.3570004403591156, 0.40252548456192017, 0.43121400475502014, 0.4851572811603546, 0.5027691721916199, 0.5364421606063843, 0.5796411037445068, 0.6250553727149963, 0.649867057800293, 0.6834293603897095, 0.7103455662727356, 0.7259636521339417, 0.757975161075592, 0.7753655314445496, 0.7969650030136108, 0.7963004112243652, 0.8421577215194702, 0.8432654142379761, 0.8553389310836792, 0.8778245449066162, 0.898980975151062, 0.90529465675354, 0.9005316495895386, 0.9215773344039917, 0.9268941283226013, 0.9254541397094727, 0.9301063418388367, 0.9472751617431641, 0.9488258957862854, 0.9504873752593994, 0.9561364650726318, 0.9738591313362122, 0.9684315323829651, 0.9614532589912415, 0.9747452139854431, 0.9817235469818115, 0.9888125658035278, 0.9808374047279358, 0.9786220788955688, 0.9589056372642517, 0.961010217666626, 0.9837173223495483, 0.9911386966705322, 0.9905848503112793, 0.990695595741272, 0.9849357604980469, 0.9895879626274109, 0.992024838924408, 0.9872618317604065, 0.9614532589912415, 0.978289783000946, 0.8997563123703003, 0.9733052849769592, 0.9919140338897705, 0.9937970638275146, 0.9899202585220337, 0.9954586029052734, 0.9944616556167603, 0.9966769814491272, 0.9966769814491272, 0.9792866706848145, 0.9893664121627808, 0.9922463297843933, 0.9974523782730103, 0.9947939515113831, 0.9871510863304138, 0.9651085734367371, 0.9837173223495483, 0.9952370524406433], "f1_m": [0.0, 0.0, 0.001300108153373003, 0.007081943564116955, 0.020753538236021996, 0.07617416232824326, 0.15947939455509186, 0.2204427421092987, 0.3304492235183716, 0.36939525604248047, 0.4184949994087219, 0.4959560036659241, 0.5614558458328247, 0.6009229421615601, 0.6435703635215759, 0.6774992346763611, 0.6995981335639954, 0.7372286915779114, 0.7601988911628723, 0.7833739519119263, 0.7883762121200562, 0.8357822299003601, 0.8338393568992615, 0.8511518836021423, 0.8739591240882874, 0.8946295976638794, 0.9037200212478638, 0.8960699439048767, 0.9177555441856384, 0.9227944016456604, 0.9251168370246887, 0.9274744391441345, 0.943210244178772, 0.946733295917511, 0.9501006603240967, 0.9515290856361389, 0.9701385498046875, 0.9664096236228943, 0.9576205611228943, 0.9708474278450012, 0.9817368388175964, 0.9859930872917175, 0.9783533811569214, 0.9765430688858032, 0.9541538953781128, 0.9590790271759033, 0.9810442924499512, 0.9897302985191345, 0.9897879958152771, 0.9892131090164185, 0.9823347330093384, 0.9875497817993164, 0.9912205934524536, 0.9856293201446533, 0.959543764591217, 0.9749712944030762, 0.8954280018806458, 0.970884382724762, 0.9907929301261902, 0.9929680824279785, 0.988705039024353, 0.9939625859260559, 0.9932989478111267, 0.9961236119270325, 0.995847225189209, 0.9784149527549744, 0.9881108403205872, 0.9910604953765869, 0.9966253638267517, 0.9938955307006836, 0.9854183793067932, 0.9638059139251709, 0.981584370136261, 0.9943456649780273], "val_loss": [2.8936898708343506, 2.787348985671997, 2.6484737396240234, 2.4949846267700195, 2.3875515460968018, 2.2624318599700928, 2.108065366744995, 2.1301181316375732, 1.9667309522628784, 1.6180500984191895, 1.6921688318252563, 1.5066275596618652, 1.4086471796035767, 1.5617759227752686, 1.2544091939926147, 1.1654633283615112, 1.1665799617767334, 1.3048433065414429, 1.3315633535385132, 1.1542375087738037, 1.0064085721969604, 1.077626347541809, 1.0275863409042358, 1.0269620418548584, 0.9167636632919312, 1.0185521841049194, 0.9535214900970459, 0.9022445678710938, 0.9262343049049377, 1.3327348232269287, 0.8887875080108643, 0.900193452835083, 0.8817663788795471, 1.2404334545135498, 0.8922633528709412, 0.933282732963562, 0.9528412222862244, 0.9661304354667664, 1.0378106832504272, 0.8317260146141052, 0.8383356332778931, 0.8409723043441772, 0.8928889036178589, 1.003917932510376, 1.062017560005188, 0.8798578381538391, 0.8676051497459412, 0.8743032217025757, 0.8177302479743958, 0.9705064296722412, 0.8638421893119812, 0.8589552640914917, 0.9050034284591675, 0.9446796774864197, 0.8654978275299072, 1.8571429252624512, 0.8551638722419739, 0.8148287534713745, 0.8204081058502197, 0.8667672276496887, 0.8126223683357239, 0.8399358987808228, 0.8982892036437988, 0.8103744387626648, 0.8312742710113525, 0.8857437968254089, 0.916443943977356, 0.83913654088974, 0.8449105620384216, 0.8810611367225647, 1.0013439655303955, 0.8903458118438721, 0.8489066362380981, 0.8364791870117188], "val_accuracy": [0.1353333294391632, 0.1326666623353958, 0.20600000023841858, 0.27900001406669617, 0.2943333387374878, 0.3306666612625122, 0.3883333206176758, 0.3580000102519989, 0.3996666669845581, 0.5403333306312561, 0.4963333308696747, 0.5576666593551636, 0.5789999961853027, 0.5170000195503235, 0.6230000257492065, 0.6633333563804626, 0.6499999761581421, 0.628000020980835, 0.6276666522026062, 0.6629999876022339, 0.7149999737739563, 0.6970000267028809, 0.7183333039283752, 0.7153333425521851, 0.7413333058357239, 0.7036666870117188, 0.7303333282470703, 0.7536666393280029, 0.7426666617393494, 0.6496666669845581, 0.7559999823570251, 0.7570000290870667, 0.7609999775886536, 0.6759999990463257, 0.7620000243186951, 0.7559999823570251, 0.7526666522026062, 0.7453333139419556, 0.7286666631698608, 0.781333327293396, 0.7773333191871643, 0.7766666412353516, 0.7666666507720947, 0.7329999804496765, 0.7243333458900452, 0.7749999761581421, 0.7743333578109741, 0.7710000276565552, 0.7799999713897705, 0.7493333220481873, 0.7766666412353516, 0.7853333353996277, 0.768666684627533, 0.7606666684150696, 0.7736666798591614, 0.5843333601951599, 0.7699999809265137, 0.7796666622161865, 0.7856666445732117, 0.7736666798591614, 0.7926666736602783, 0.7820000052452087, 0.7710000276565552, 0.7910000085830688, 0.7833333611488342, 0.765999972820282, 0.7616666555404663, 0.7743333578109741, 0.7766666412353516, 0.7703333497047424, 0.7379999756813049, 0.7566666603088379, 0.7770000100135803, 0.781333327293396],