{"loss": [0.14939777553081512, 0.13786686956882477, 0.1226467490196228, 0.10761729627847672, 0.09157232940196991, 0.07558988034725189, 0.06026338040828705, 0.05087826028466225, 0.040512725710868835, 0.03239143639802933, 0.025816500186920166, 0.021033933386206627, 0.015447472222149372, 0.010394597426056862, 0.009027465246617794, 0.005887675564736128, 0.004290454555302858, 0.0028538587503135204, 0.006459079682826996, 0.0023841094225645065, 0.0008735102601349354, 0.0010921567445620894, 0.0007157010259106755, 0.000897606776561588], "accuracy": [0.09869295358657837, 0.1981612741947174, 0.31612759828567505, 0.3902303874492645, 0.482166588306427, 0.5696721076965332, 0.6442179679870605, 0.7062472105026245, 0.7627381682395935, 0.8057155609130859, 0.8401639461517334, 0.8760522603988647, 0.9082853198051453, 0.9388568997383118, 0.9492689371109009, 0.9707576632499695, 0.978289783000946, 0.9856003522872925, 0.9662162065505981, 0.9883695244789124, 0.9974523782730103, 0.9959016442298889, 0.9976739287376404, 0.9982277154922485], "f1_m": [0.0, 0.005119334906339645, 0.054392293095588684, 0.18073470890522003, 0.3432031571865082, 0.49858561158180237, 0.6227905750274658, 0.6895730495452881, 0.752362847328186, 0.7978572249412537, 0.8410476446151733, 0.8748286366462708, 0.9072798490524292, 0.9396065473556519, 0.948654294013977, 0.9708977341651917, 0.978730320930481, 0.9844093918800354, 0.9664375185966492, 0.9878762364387512, 0.9974085688591003, 0.9959165453910828, 0.9977412819862366, 0.9980167746543884], "val_loss": [2.6075196266174316, 2.3112099170684814, 2.0674374103546143, 1.8911381959915161, 1.6365052461624146, 1.3536094427108765, 1.180450201034546, 0.974184513092041, 1.081629991531372, 0.9977884888648987, 1.0414570569992065, 0.9575974345207214, 1.008508324623108, 0.87369704246521, 1.2719639539718628, 0.9465655088424683, 0.9550737142562866, 1.1480103731155396, 0.9843162298202515, 1.0271743535995483, 1.0273176431655884, 1.0503102540969849, 1.0599043369293213, 1.1036394834518433], "val_accuracy": [0.13899999856948853, 0.2809999883174896, 0.32600000500679016, 0.37433332204818726, 0.48399999737739563, 0.5676666498184204, 0.621999979019165, 0.6983333230018616, 0.6759999990463257, 0.6926666498184204, 0.7036666870117188, 0.7210000157356262, 0.7300000190734863, 0.7733333110809326, 0.6980000138282776, 0.7749999761581421, 0.7860000133514404, 0.7616666555404663, 0.7866666913032532, 0.777999997138977, 0.7896666526794434, 0.7906666398048401, 0.7879999876022339, 0.7833333611488342], "val_f1_m": [0.0, 0.03595592454075813, 0.11788415908813477, 0.23974435031414032, 0.4253093898296356, 0.5239790081977844, 0.6126852631568909, 0.6976165771484375, 0.6723008155822754, 0.6967226266860962, 0.7067135572433472, 0.725297212600708, 0.7337877154350281, 0.7769006490707397, 0.7032822370529175, 0.7775970101356506, 0.7887675762176514, 0.7651579976081848, 0.7915000915527344, 0.7825762033462524, 0.7919739484786987, 0.7919983267784119, 0.7920006513595581, 0.7864514589309692]}