{"loss": [0.36459261178970337, 0.3526054918766022, 0.34129270911216736, 0.33061131834983826, 0.32049211859703064, 0.3108679950237274, 0.301717072725296, 0.29294198751449585, 0.2843876779079437, 0.2758149206638336, 0.26683393120765686, 0.25692257285118103, 0.24700061976909637, 0.23860454559326172, 0.23081208765506744, 0.22435714304447174, 0.21771155297756195, 0.21171221137046814, 0.20615887641906738, 0.2007971554994583, 0.1957470178604126, 0.19111047685146332, 0.1864238828420639, 0.18146099150180817, 0.17799101769924164, 0.17288543283939362, 0.16843505203723907, 0.16470234096050262, 0.1608598679304123, 0.156426340341568, 0.15297797322273254, 0.14924047887325287, 0.14613886177539825, 0.14241908490657806, 0.13907235860824585, 0.1364961713552475, 0.13267093896865845, 0.13073232769966125, 0.12820114195346832, 0.1259390413761139, 0.1258935034275055, 0.12075035274028778, 0.1186525970697403, 0.11684653162956238, 0.11467946320772171, 0.11339595913887024, 0.1101146787405014, 0.10775087773799896, 0.10683595389127731, 0.10481429845094681, 0.10235299915075302, 0.10106978565454483, 0.10012935847043991, 0.09931226074695587, 0.09676782041788101, 0.09462196379899979, 0.09626225382089615, 0.09198243170976639, 0.09049724787473679, 0.09121055155992508, 0.0894651710987091, 0.08719374984502792, 0.08658289909362793, 0.0854932963848114, 0.08449814468622208, 0.0822802409529686, 0.0830230712890625, 0.07933076471090317, 0.08075036853551865, 0.07869160175323486, 0.07767421752214432, 0.07794123888015747, 0.07585278898477554, 0.07642330974340439, 0.07343808561563492, 0.07426578551530838, 0.07462117820978165, 0.07247234880924225, 0.07405530661344528, 0.07087644189596176, 0.07160791009664536, 0.07052765041589737, 0.06989064067602158, 0.07109475135803223, 0.06886181235313416, 0.0694691464304924, 0.06853444129228592, 0.0664759948849678, 0.07395675778388977, 0.06554250419139862, 0.06555566936731339, 0.06501712650060654, 0.06497056782245636, 0.06468123942613602, 0.06325648725032806, 0.06843044608831406, 0.0638648197054863, 0.0629587396979332, 0.06305129826068878, 0.06162392720580101], "accuracy": [0.07665041834115982, 0.10412051528692245, 0.1053389459848404, 0.11497563123703003, 0.12760300934314728, 0.126163050532341, 0.14211343228816986, 0.14621178805828094, 0.16138680279254913, 0.17955251038074493, 0.196832075715065, 0.2042534351348877, 0.21843154728412628, 0.21677005290985107, 0.2445724457502365, 0.25022152066230774, 0.2559813857078552, 0.26871955394744873, 0.28356224298477173, 0.2813469171524048, 0.2910943627357483, 0.3015064299106598, 0.31036773324012756, 0.32720425724983215, 0.32953035831451416, 0.34570226073265076, 0.35279130935668945, 0.36829861998558044, 0.374169260263443, 0.38613203167915344, 0.40086397528648376, 0.41570669412612915, 0.4175897240638733, 0.4260079860687256, 0.44229066371917725, 0.45170581340789795, 0.46610546112060547, 0.47219762206077576, 0.4734160304069519, 0.4848249852657318, 0.47961896657943726, 0.5055383443832397, 0.5155072808265686, 0.5206025838851929, 0.5262516736984253, 0.5361098647117615, 0.5556047558784485, 0.5645768642425537, 0.5717766880989075, 0.579308807849884, 0.5949268937110901, 0.5969206690788269, 0.59470534324646, 0.6052281856536865, 0.6126495599746704, 0.6308152675628662, 0.6157509684562683, 0.6444395184516907, 0.657509982585907, 0.6469871401786804, 0.6589499115943909, 0.6712450385093689, 0.6732388138771057, 0.6817678213119507, 0.6887460947036743, 0.7022596597671509, 0.6984935998916626, 0.7254098653793335, 0.7133362889289856, 0.7238591313362122, 0.7379264235496521, 0.7322773337364197, 0.7468985319137573, 0.7435755133628845, 0.7599689960479736, 0.7531014680862427, 0.748338520526886, 0.7704917788505554, 0.7604120373725891, 0.7751439809799194, 0.7739255428314209, 0.7824546098709106, 0.7835622429847717, 0.7814576625823975, 0.7906513214111328, 0.7871067523956299, 0.7957465648651123, 0.8099246621131897, 0.7682764530181885, 0.8176783323287964, 0.8206690549850464, 0.821333646774292, 0.8225520849227905, 0.8234381675720215, 0.8314133882522583, 0.7959681153297424, 0.8291980624198914, 0.8363978862762451, 0.8359547853469849, 0.8414931297302246], "f1_m": [0.0, 0.0, 0.0, 0.0, 0.0, 0.0, 0.0, 0.0, 0.0, 0.0, 0.0, 0.0, 0.0, 0.001510226633399725, 0.004113726317882538, 0.0054039848037064075, 0.00838205125182867, 0.013265964575111866, 0.020120302215218544, 0.029680481180548668, 0.03722267225384712, 0.039302751421928406, 0.04020174220204353, 0.04893680661916733, 0.056550752371549606, 0.06919851154088974, 0.08517414331436157, 0.09638641029596329, 0.10912854969501495, 0.13403958082199097, 0.15251290798187256, 0.17213836312294006, 0.186238095164299, 0.2082088589668274, 0.23666100203990936, 0.2509665787220001, 0.2786184549331665, 0.2908593416213989, 0.3116140365600586, 0.32555145025253296, 0.32231637835502625, 0.36350521445274353, 0.37657007575035095, 0.39793992042541504, 0.40618783235549927, 0.4131513833999634, 0.44335445761680603, 0.46247169375419617, 0.46417543292045593, 0.4785820245742798, 0.4975349009037018, 0.5082018375396729, 0.5161528587341309, 0.520702064037323, 0.5428112745285034, 0.5552754998207092, 0.5482203960418701, 0.5803041458129883, 0.5882921814918518, 0.5872635841369629, 0.5977573990821838, 0.6178351640701294, 0.6235697865486145, 0.630772590637207, 0.6418040990829468, 0.6594219207763672, 0.6565026044845581, 0.6843194961547852, 0.6744913458824158, 0.6918397545814514, 0.7013272643089294, 0.6974034905433655, 0.7163211703300476, 0.713214635848999, 0.7342106699943542, 0.735055148601532, 0.7261547446250916, 0.7406820058822632, 0.7337133288383484, 0.7564231157302856, 0.7517627477645874, 0.7627291679382324, 0.7624260783195496, 0.7596778869628906, 0.7727225422859192, 0.7726885080337524, 0.7768338322639465, 0.7934326529502869, 0.7518024444580078, 0.8014370799064636, 0.8086328506469727, 0.810188353061676, 0.8060081005096436, 0.8105750679969788, 0.8188364505767822, 0.780565083026886, 0.8190827369689941, 0.8247382044792175, 0.8210583925247192, 0.8308220505714417], "val_loss": [2.912177801132202, 2.8975720405578613, 2.883823871612549, 2.8703460693359375, 2.8564112186431885, 2.8418192863464355, 2.8258824348449707, 2.806467056274414, 2.780592679977417, 2.7426974773406982, 2.683049201965332, 2.5947649478912354, 2.5153677463531494, 2.458441734313965, 2.4410669803619385, 2.3989410400390625, 2.345400333404541, 2.324328660964966, 2.296004056930542, 2.2657508850097656, 2.238687753677368, 2.2220897674560547, 2.178962469100952, 2.177370071411133, 2.1247222423553467, 2.089052677154541, 2.0546045303344727, 2.065413475036621, 1.9741109609603882, 1.9693176746368408, 1.9147698879241943, 1.8751105070114136, 1.8400784730911255, 1.8319684267044067, 1.7649036645889282, 1.7326412200927734, 1.6889938116073608, 1.7949780225753784, 1.8383110761642456, 2.0453410148620605, 1.6304963827133179, 1.570246934890747, 1.621977686882019, 1.5792561769485474, 1.526587724685669, 1.5591883659362793, 1.4627615213394165, 1.4934358596801758, 1.4098349809646606, 1.3515459299087524, 1.3581938743591309, 1.3319844007492065, 1.5560187101364136, 1.316691279411316, 1.2523682117462158, 1.8397867679595947, 1.2349530458450317, 1.2041398286819458, 1.3308008909225464, 1.1955294609069824, 1.1469907760620117, 1.2842042446136475, 1.1829580068588257, 1.2834521532058716, 1.0930908918380737, 1.0684033632278442, 1.0322930812835693, 1.175073504447937, 1.0244613885879517, 1.0192238092422485, 1.0550637245178223, 0.9853336811065674, 1.0549428462982178, 0.9737043976783752, 0.9636254906654358, 0.994586169719696, 0.9488999247550964, 0.993656575679779, 0.9131182432174683, 0.8914945721626282, 0.9073383212089539, 0.8882120847702026, 0.8922195434570312, 0.9441651105880737, 0.8885360360145569, 0.9014411568641663, 0.8703851699829102, 1.8597902059555054, 0.8631772994995117, 0.8525617122650146, 0.879194974899292, 0.9314983487129211, 0.8442383408546448, 0.8615206480026245, 1.0698338747024536, 0.7903195023536682, 0.8204759955406189, 0.833875834941864, 0.8148113489151001, 0.8139249086380005],