{"loss": [0.4062240719795227, 0.37563028931617737, 0.3633893132209778, 0.3406067490577698, 0.32489243149757385, 0.3063948452472687, 0.28976115584373474, 0.2768467664718628, 0.26305723190307617, 0.2548551559448242, 0.24225632846355438, 0.2296774536371231, 0.219036266207695, 0.21228192746639252, 0.1996345967054367, 0.19323965907096863, 0.20113638043403625, 0.18314851820468903, 0.17263728380203247, 0.1635977178812027, 0.15778619050979614, 0.17684905230998993, 0.15788526833057404, 0.14890654385089874, 0.13872362673282623, 0.14095300436019897, 0.136527419090271, 0.12399546056985855, 0.11950045078992844, 0.11404873430728912, 0.11099755018949509, 0.10379263758659363, 0.09717079252004623, 0.09393197298049927, 0.09231171756982803, 0.10870933532714844, 0.09123501181602478, 0.09768997877836227, 0.08921321481466293, 0.08201826363801956, 0.0784531831741333, 0.07387843728065491, 0.07350701093673706, 0.11992183327674866, 0.09803029149770737, 0.08593164384365082, 0.08096414059400558, 0.0757836326956749, 0.07945378124713898, 0.07135956734418869, 0.09176580607891083, 0.07271451503038406], "accuracy": [0.09038546681404114, 0.14344261586666107, 0.15163934230804443, 0.2133362889289856, 0.2354895919561386, 0.27846699953079224, 0.32144439220428467, 0.3411608338356018, 0.36630481481552124, 0.3593265414237976, 0.3879042863845825, 0.4195835292339325, 0.44229066371917725, 0.4430660307407379, 0.482166588306427, 0.4832742512226105, 0.41371288895606995, 0.4851572811603546, 0.5140673518180847, 0.5385467410087585, 0.545857310295105, 0.41160833835601807, 0.4909171462059021, 0.5186087489128113, 0.5624722838401794, 0.5314576625823975, 0.541980504989624, 0.5961453318595886, 0.607000470161438, 0.61497563123703, 0.6251661777496338, 0.6484271287918091, 0.6757864356040955, 0.6819893717765808, 0.6837616562843323, 0.5744351148605347, 0.6671466827392578, 0.6214001178741455, 0.6576207280158997, 0.6866415739059448, 0.6983827948570251, 0.7197607159614563, 0.7131147384643555, 0.4585733413696289, 0.5654630064964294, 0.6258307695388794, 0.6453256607055664, 0.6703588962554932, 0.6405627131462097, 0.6843154430389404, 0.5724412798881531, 0.6683650612831116], "f1_m": [0.003197364043444395, 0.015193091705441475, 0.005394135136157274, 0.017400529235601425, 0.027092406526207924, 0.05763207748532295, 0.10720296949148178, 0.15750694274902344, 0.20545871555805206, 0.20190013945102692, 0.2535193860530853, 0.29437461495399475, 0.33780360221862793, 0.3320607841014862, 0.3893566131591797, 0.39960548281669617, 0.2793683707714081, 0.3942507803440094, 0.4382726550102234, 0.4787427484989166, 0.4885537624359131, 0.290029376745224, 0.41845187544822693, 0.45592111349105835, 0.5132930874824524, 0.46861955523490906, 0.48687630891799927, 0.557783842086792, 0.5719017386436462, 0.582964301109314, 0.590412974357605, 0.6268934607505798, 0.6632079482078552, 0.6647295355796814, 0.6614720225334167, 0.5366649627685547, 0.6416893601417542, 0.591167151927948, 0.6287751793861389, 0.6723270416259766, 0.6830479502677917, 0.7055562734603882, 0.7042337656021118, 0.3796432912349701, 0.5154086351394653, 0.5911937952041626, 0.6221258044242859, 0.6497890949249268, 0.6189033389091492, 0.6639652848243713, 0.5184410810470581, 0.6492069363594055], "val_loss": [2.9545936584472656, 2.879079818725586, 2.723703622817993, 2.4338254928588867, 2.38242244720459, 2.210110664367676, 2.0988285541534424, 2.041769504547119, 1.9820828437805176, 1.984489917755127, 1.857591152191162, 1.819637656211853, 1.7969105243682861, 1.7249990701675415, 1.6634021997451782, 1.7187052965164185, 1.7677698135375977, 1.6643022298812866, 1.5986751317977905, 1.5512200593948364, 1.610528588294983, 1.7280621528625488, 1.5859333276748657, 1.4455846548080444, 1.4353909492492676, 1.468327283859253, 1.35812509059906, 1.3003618717193604, 1.2492904663085938, 1.2731040716171265, 1.2028735876083374, 1.212241768836975, 1.1490846872329712, 1.1393487453460693, 1.2122249603271484, 1.1858768463134766, 1.1965309381484985, 1.1746193170547485, 1.1251139640808105, 1.087689995765686, 1.0363047122955322, 1.0018806457519531, 1.2271652221679688, 1.610859990119934, 1.28657865524292, 1.1651538610458374, 1.0964754819869995, 1.1032230854034424, 1.0896644592285156, 1.179904818534851, 1.183515191078186, 1.1378651857376099], "val_accuracy": [0.08133333176374435, 0.1316666603088379, 0.1743333339691162, 0.25333333015441895, 0.27166667580604553, 0.32866665720939636, 0.37066665291786194, 0.3996666669845581, 0.39766666293144226, 0.39933332800865173, 0.4416666626930237, 0.4556666612625122, 0.4573333263397217, 0.476666659116745, 0.5063333511352539, 0.49033331871032715, 0.46033334732055664, 0.5023333430290222, 0.5180000066757202, 0.527999997138977, 0.5133333206176758, 0.46566668152809143, 0.5173333287239075, 0.5673333406448364, 0.5669999718666077, 0.5566666722297668, 0.590666651725769, 0.6076666712760925, 0.6333333253860474, 0.6233333349227905, 0.640333354473114, 0.6430000066757202, 0.6623333096504211, 0.6669999957084656, 0.6449999809265137, 0.6510000228881836, 0.6480000019073486, 0.6579999923706055, 0.6656666398048401, 0.6786666512489319, 0.6933333277702332, 0.706333339214325, 0.6366666555404663, 0.5013333559036255, 0.5983333587646484, 0.6489999890327454, 0.6729999780654907, 0.6706666946411133, 0.6753333210945129, 0.6463333368301392, 0.6370000243186951, 0.6556666493415833], "val_f1_m": [0.0, 0.016190987080335617, 0.001954074017703533, 0.061735112220048904, 0.05610695108771324, 0.1306709200143814, 0.19245198369026184, 0.21825465559959412, 0.2753036320209503, 0.29054421186447144, 0.3382849097251892, 0.3770943880081177, 0.3858446180820465, 0.4331117868423462, 0.4459433853626251, 0.43421196937561035, 0.3780389726161957, 0.44397440552711487, 0.47163522243499756, 0.49881890416145325, 0.46732455492019653, 0.39637529850006104, 0.473300576210022, 0.520941436290741, 0.5451225638389587, 0.5083068609237671, 0.5645376443862915, 0.5943533182144165, 0.6153323650360107, 0.6109604239463806, 0.6252280473709106, 0.6348538994789124, 0.6603051424026489, 0.6616998910903931, 0.6409280896186829, 0.6338115930557251, 0.639289915561676, 0.6302804350852966, 0.6620995998382568, 0.6749231815338135, 0.6920214891433716, 0.7065811157226562, 0.6343362927436829, 0.44224366545677185, 0.5669227242469788, 0.6266883015632629, 0.6568260192871094, 0.6470029950141907, 0.6643179059028625, 0.6342093348503113, 0.6256577372550964, 0.6563975811004639]}