{"loss": [0.46498918533325195, 0.3905683755874634, 0.360586553812027, 0.32660943269729614, 0.3038415312767029, 0.28331997990608215, 0.2656475007534027, 0.2552139461040497, 0.23734095692634583, 0.222990483045578, 0.21025601029396057, 0.22323662042617798, 0.20048414170742035, 0.18089447915554047, 0.1801730841398239, 0.16183657944202423, 0.1529039889574051, 0.14812909066677094, 0.13846160471439362, 0.12906433641910553, 0.12180379778146744, 0.11607985198497772, 0.10927139967679977, 0.10326455533504486, 0.09772834926843643, 0.09543406963348389, 0.08843345940113068, 0.08319609612226486, 0.08003367483615875, 0.07502593100070953, 0.07084137946367264, 0.06900545954704285, 0.06386557966470718, 0.06040897220373154, 0.0572643019258976, 0.0550852008163929, 0.05182604119181633, 0.05007833614945412, 0.046605002135038376, 0.04455576092004776, 0.04236019030213356, 0.04014779254794121, 0.04034712165594101, 0.037741586565971375, 0.03574291989207268, 0.03307410329580307, 0.03129228577017784, 0.03237110376358032, 0.03054806776344776, 0.027966011315584183, 0.027729175984859467, 0.024721141904592514, 0.023647965863347054, 0.022555191069841385, 0.021471554413437843, 0.02055717632174492, 0.01952197775244713, 0.01875656098127365, 0.017936473712325096, 0.01716919057071209, 0.020001156255602837, 0.016082437708973885, 0.016878657042980194, 0.014811734668910503, 0.013907409273087978, 0.013409366831183434, 0.012966197915375233, 0.012292362749576569, 0.01176895946264267, 0.012590456753969193, 0.012101588770747185, 0.010911976918578148, 0.011129605583846569, 0.009872529655694962, 0.009477639570832253, 0.009166247211396694, 0.008752013556659222, 0.008620213717222214, 0.008432949893176556, 0.007991740480065346, 0.007821700535714626, 0.007498128805309534, 0.007394168525934219, 0.007507029455155134, 0.008569885976612568, 0.006730493623763323, 0.006658181548118591, 0.0062989722937345505, 0.008967049419879913, 0.006609765812754631, 0.006175041198730469, 0.005812454968690872, 0.005608194507658482, 0.006425629835575819, 0.006564874667674303, 0.006072677206248045, 0.0052955131977796555], "accuracy": [0.3855782151222229, 0.7183207869529724, 0.7906513214111328, 0.883362889289856, 0.9242357015609741, 0.9530349969863892, 0.9725298881530762, 0.946499764919281, 0.9780682325363159, 0.9894771575927734, 0.9934647679328918, 0.8759415149688721, 0.933872401714325, 0.9853788018226624, 0.9472751617431641, 0.989034116268158, 0.9905848503112793, 0.9744129180908203, 0.985157310962677, 0.9963446855545044, 0.9982277154922485, 0.9945724606513977, 0.9985600113868713, 0.9994461536407471, 0.9991138577461243, 0.9880372285842896, 0.9954586029052734, 0.9998892545700073, 0.9929109215736389, 0.9986708164215088, 0.9997784495353699, 0.9889233708381653, 0.9996677041053772, 0.9993354082107544, 0.9998892545700073, 0.9964554905891418, 0.9985600113868713, 0.9941293597221375, 0.9993354082107544, 0.9982277154922485, 0.9984492659568787, 0.9988923072814941, 0.9928001761436462, 0.9930217266082764, 0.9949047565460205, 0.9996677041053772, 0.9996677041053772, 0.9865972399711609, 0.9894771575927734, 0.9959016442298889, 0.992024838924408, 1.0, 0.9991138577461243, 0.9993354082107544, 0.9997784495353699, 0.9993354082107544, 0.9996677041053772, 0.9995569586753845, 0.9992246627807617, 0.9994461536407471, 0.982166588306427, 0.9991138577461243, 0.9922463297843933, 0.9994461536407471, 1.0, 0.9997784495353699, 0.9996677041053772, 1.0, 0.9998892545700073, 0.9946832060813904, 0.9926894307136536, 0.9985600113868713, 0.9960123896598816, 0.9998892545700073, 0.9998892545700073, 0.9997784495353699, 1.0, 0.9995569586753845, 0.9991138577461243, 0.9995569586753845, 0.9992246627807617, 0.9995569586753845, 0.9992246627807617, 0.99700927734375, 0.9895879626274109, 0.9998892545700073, 0.9992246627807617, 0.9997784495353699, 0.9858219027519226, 0.9984492659568787, 0.9987815618515015, 1.0, 0.9998892545700073, 0.9952370524406433, 0.9951262474060059, 0.9962339401245117, 0.9997784495353699], "f1_m": [0.25207799673080444, 0.6842289566993713, 0.7732216119766235, 0.8786563277244568, 0.920047402381897, 0.9519531726837158, 0.9694153666496277, 0.9442071914672852, 0.9758644700050354, 0.9887032508850098, 0.9896895885467529, 0.867649257183075, 0.9322681427001953, 0.983265221118927, 0.9460256695747375, 0.9871514439582825, 0.9873302578926086, 0.9714776873588562, 0.9849137663841248, 0.9962467551231384, 0.9951061010360718, 0.9945752620697021, 0.9985114932060242, 0.9989507794380188, 0.9982757568359375, 0.985274612903595, 0.9953022003173828, 0.9980731010437012, 0.9932942986488342, 0.9986198544502258, 0.9964234232902527, 0.9892101287841797, 0.9995589852333069, 0.9992280602455139, 0.9989385604858398, 0.9963602423667908, 0.996580183506012, 0.9936748147010803, 0.9993917942047119, 0.9970107674598694, 0.9971174001693726, 0.9971928000450134, 0.9876613616943359, 0.990171492099762, 0.9945116639137268, 0.999447226524353, 0.9987185001373291, 0.9844605326652527, 0.9874897003173828, 0.9940442442893982, 0.991696834564209, 0.999889075756073, 0.99900883436203, 0.999283492565155, 0.998073935508728, 0.9991171360015869, 0.9986058473587036, 0.9995598793029785, 0.9992288947105408, 0.9949195981025696, 0.9825832843780518, 0.9949463605880737, 0.9918553233146667, 0.9993371963500977, 0.999889075756073, 0.9997245073318481, 0.9994454979896545, 0.999889075756073, 0.9982394576072693, 0.9918291568756104, 0.9907212853431702, 0.9966937899589539, 0.9961850643157959, 0.9998899698257446, 0.9999445676803589, 0.9997799396514893, 0.9999445676803589, 0.999447226524353, 0.9990634322166443, 0.9994489550590515, 0.9990599751472473, 0.9995589852333069, 0.9975792169570923, 0.9919068217277527, 0.9895524382591248, 0.9998899698257446, 0.9992288947105408, 0.9964234232902527, 0.9843365550041199, 0.9982879161834717, 0.998734176158905, 0.9999445676803589, 0.998993992805481, 0.995527446269989, 0.9934818148612976, 0.9962891340255737, 0.9997790455818176], "val_loss": [3.207608461380005, 2.36694598197937, 1.227393627166748, 0.8582905530929565, 0.7084600329399109, 0.5710229277610779, 0.6996139883995056, 0.5683047771453857, 0.40171000361442566, 0.391338586807251, 1.7384159564971924, 0.9374939799308777, 0.537372887134552, 1.1898773908615112, 0.3646645247936249, 0.5463507175445557, 0.5539406538009644, 0.3263656198978424, 0.30606159567832947, 0.2757264971733093, 0.3901428282260895, 0.2644215524196625, 0.25139668583869934, 0.2120937705039978, 0.22397969663143158, 0.29696089029312134, 0.21597033739089966, 0.2505781054496765, 0.21187461912631989, 0.1720937341451645, 0.22838476300239563, 0.21182188391685486, 0.18903373181819916, 0.16017335653305054, 0.20670446753501892, 0.15625794231891632, 0.16707144677639008, 0.14621655642986298, 0.14927834272384644, 0.14376050233840942, 0.15168417990207672, 0.17852361500263214, 0.2813604474067688, 0.18825069069862366, 0.14067181944847107, 0.12672866880893707, 0.16380059719085693, 0.24942845106124878, 0.1324583888053894, 0.13925158977508545, 0.11620725691318512, 0.11021948605775833, 0.11778561770915985, 0.11103396862745285, 0.10588251799345016, 0.1015656441450119, 0.10760988295078278, 0.10382799059152603, 0.10017542541027069, 0.14781387150287628, 0.11046461760997772, 0.3052322268486023, 0.10726450383663177, 0.09726011008024216, 0.10234365612268448, 0.09520195424556732, 0.092282734811306, 0.09499707818031311, 0.11849724501371384, 0.1566753089427948, 0.1110602393746376, 0.10911328345537186, 0.08855152130126953, 0.08863644301891327, 0.09066037833690643, 0.08498580008745193, 0.08371806144714355, 0.08425974100828171, 0.08465050160884857, 0.09171191602945328, 0.0897098109126091, 0.08311545103788376, 0.11279574781656265, 0.1733005791902542, 0.0914744958281517, 0.08866224437952042, 0.07710979878902435, 0.1407463252544403, 0.11832566559314728, 0.155860036611557, 0.08604509383440018, 0.08081752061843872, 0.0908932015299797, 0.11846292018890381, 0.09204980731010437, 0.08894558995962143, 0.08206046372652054],