{"loss": [0.47315794229507446, 0.40833747386932373, 0.36960554122924805, 0.3402218222618103, 0.31614062190055847, 0.296972393989563, 0.28118792176246643, 0.25979381799697876, 0.24581128358840942, 0.2291618287563324, 0.21842418611049652, 0.20671923458576202, 0.19255951046943665, 0.18334247171878815, 0.17177683115005493, 0.1622033715248108, 0.15559782087802887, 0.1519770622253418, 0.14107626676559448, 0.13309796154499054, 0.12871144711971283, 0.11848920583724976, 0.12591597437858582, 0.10742521286010742, 0.10285067558288574], "accuracy": [0.33562251925468445, 0.6067789196968079, 0.734381914138794, 0.8000664710998535, 0.847142219543457, 0.8650863766670227, 0.884470522403717, 0.924014151096344, 0.9262295365333557, 0.9523704051971436, 0.9482720494270325, 0.9478289484977722, 0.9774036407470703, 0.9676561951637268, 0.9826096296310425, 0.9859326481819153, 0.9744129180908203, 0.9551395773887634, 0.9714222550392151, 0.9778466820716858, 0.9583517909049988, 0.9836065769195557, 0.9254541397094727, 0.9823881387710571, 0.9765174984931946], "f1_m": [0.1896214485168457, 0.5510684847831726, 0.7133052349090576, 0.793572723865509, 0.8389527201652527, 0.8606335520744324, 0.8779616951942444, 0.9220616221427917, 0.9233664870262146, 0.9475941061973572, 0.9434390068054199, 0.9467674493789673, 0.9745599627494812, 0.9673905968666077, 0.9815708994865417, 0.9823917746543884, 0.971876859664917, 0.9513980746269226, 0.9679638743400574, 0.972166121006012, 0.9588336944580078, 0.9786350131034851, 0.9236573576927185, 0.9804069399833679, 0.9746630191802979], "val_loss": [2.967212677001953, 2.519317865371704, 1.2246382236480713, 3.999485969543457, 1.6303694248199463, 1.4410061836242676, 1.3775635957717896, 1.331853985786438, 1.1278661489486694, 1.3152737617492676, 0.7218464612960815, 0.5864787101745605, 0.6205586194992065, 0.9201700687408447, 0.43765246868133545, 0.9135729074478149, 2.641660213470459, 0.623284637928009, 0.9862260222434998, 5.464902400970459, 0.6291608810424805, 0.9089243412017822, 0.44140514731407166, 1.216694951057434, 1.2160899639129639], "val_accuracy": [0.14266666769981384, 0.2983333468437195, 0.7113333344459534, 0.3630000054836273, 0.6539999842643738, 0.6629999876022339, 0.6526666879653931, 0.652999997138977, 0.731333315372467, 0.7276666760444641, 0.8496666550636292, 0.8786666393280029, 0.8573333621025085, 0.7916666865348816, 0.9193333387374878, 0.7603333592414856, 0.5389999747276306, 0.8519999980926514, 0.7363333106040955, 0.3373333215713501, 0.8256666660308838, 0.7716666460037231, 0.890666663646698, 0.6996666789054871, 0.690666675567627], "val_f1_m": [0.0, 0.21851477026939392, 0.6961771249771118, 0.3544344902038574, 0.6630987524986267, 0.6575509905815125, 0.6565975546836853, 0.6590501666069031, 0.7340139746665955, 0.7329811453819275, 0.853505551815033, 0.8772685527801514, 0.8655974864959717, 0.7960174083709717, 0.9175631999969482, 0.7685390114784241, 0.535698652267456, 0.8552113771438599, 0.7395021319389343, 0.3344544470310211, 0.8257367014884949, 0.7725921869277954, 0.892162561416626, 0.6971734762191772, 0.6990965008735657]}