{"loss": [0.40805959701538086, 0.38495197892189026, 0.36815720796585083, 0.34771567583084106, 0.3319171071052551, 0.314794659614563, 0.3012212812900543, 0.28864604234695435, 0.27704688906669617, 0.2706357538700104, 0.26369714736938477, 0.24882592260837555, 0.2385709285736084, 0.22887961566448212, 0.22150906920433044, 0.21294520795345306, 0.2059333622455597, 0.1997489333152771, 0.19220641255378723, 0.18926206231117249, 0.18152351677417755, 0.1745544970035553, 0.1736447662115097, 0.16400080919265747, 0.1593591868877411, 0.1541769802570343, 0.15383751690387726, 0.14661762118339539, 0.14040294289588928, 0.14402344822883606, 0.14917582273483276, 0.13665840029716492, 0.12902072072029114, 0.12623636424541473, 0.12912225723266602, 0.12016041576862335, 0.1185554787516594, 0.11413534730672836, 0.10999993234872818, 0.1075015515089035, 0.10249003022909164, 0.09913381189107895, 0.1170932799577713, 0.10280901193618774, 0.10123507678508759, 0.110344797372818, 0.09816240519285202, 0.09534864127635956, 0.08985177427530289, 0.08909644931554794, 0.08588139712810516, 0.0885055661201477, 0.08438095450401306, 0.09139476716518402, 0.12047359347343445, 0.10942723602056503, 0.09705695509910583, 0.09022550284862518, 0.08702683448791504, 0.08289878815412521, 0.08228589594364166, 0.07899627834558487, 0.07903372496366501, 0.07473934441804886, 0.07276108115911484, 0.07312305271625519, 0.06879519671201706, 0.06791635602712631, 0.07000874727964401, 0.0652887299656868, 0.06755249947309494, 0.06368613988161087, 0.06216704472899437, 0.058301351964473724, 0.05956742540001869, 0.05871875584125519, 0.05833890661597252, 0.0555415116250515, 0.05657259747385979, 0.055171847343444824, 0.06463803350925446, 0.05628759413957596, 0.05318257585167885, 0.05349739268422127, 0.05646173655986786, 0.05584854632616043, 0.05885757878422737, 0.05560701712965965, 0.054047346115112305, 0.05264901742339134, 0.11566001176834106, 0.09208179265260696, 0.0840960219502449, 0.07563632726669312, 0.069192074239254, 0.06598511338233948, 0.06571777164936066, 0.06434974819421768, 0.05935161933302879], "accuracy": [0.08307487517595291, 0.09215772897005081, 0.11154186725616455, 0.17368188500404358, 0.18852458894252777, 0.2204253375530243, 0.2422463446855545, 0.25077536702156067, 0.2782454490661621, 0.25919362902641296, 0.25553831458091736, 0.29253435134887695, 0.3219982385635376, 0.32421356439590454, 0.3363978862762451, 0.3499113917350769, 0.3623172342777252, 0.3705139458179474, 0.3812583088874817, 0.3782676160335541, 0.389676570892334, 0.4131590723991394, 0.389676570892334, 0.4276694655418396, 0.42611873149871826, 0.44505980610847473, 0.427004873752594, 0.45037660002708435, 0.46688082814216614, 0.43287548422813416, 0.3795967996120453, 0.4443952143192291, 0.47928667068481445, 0.4889233410358429, 0.4535888433456421, 0.496012419462204, 0.5037660598754883, 0.5124058723449707, 0.5231502056121826, 0.5371067523956299, 0.5577093362808228, 0.5634692311286926, 0.4489366412162781, 0.5312361717224121, 0.5343376398086548, 0.475852906703949, 0.5410943627357483, 0.5501772165298462, 0.5755427479743958, 0.5770934820175171, 0.590828537940979, 0.5757642984390259, 0.5887239575386047, 0.5478511452674866, 0.38236597180366516, 0.43187859654426575, 0.5, 0.5355560183525085, 0.5497341752052307, 0.5762073397636414, 0.5803056955337524, 0.5902746915817261, 0.5848471522331238, 0.6225077509880066, 0.6178555488586426, 0.6134248971939087, 0.6447718143463135, 0.6420026421546936, 0.6302614212036133, 0.6540762186050415, 0.6379042863845825, 0.6570668816566467, 0.6669251322746277, 0.6905183792114258, 0.6828755140304565, 0.6835401058197021, 0.6900753378868103, 0.7003766298294067, 0.6938413977622986, 0.7019273638725281, 0.6510854959487915, 0.6953921318054199, 0.70968097448349, 0.705028772354126, 0.688524603843689, 0.6935091018676758, 0.6733495593070984, 0.6925121545791626, 0.7055826187133789, 0.7076871991157532, 0.3550066351890564, 0.47363758087158203, 0.5177226662635803, 0.5671244859695435, 0.6042312979698181, 0.6182986497879028, 0.626495361328125, 0.6331413388252258, 0.6579530239105225], "f1_m": [0.005484698340296745, 0.000866738788317889, 0.001733477576635778, 0.004530679900199175, 0.008366214111447334, 0.022649206221103668, 0.03541387617588043, 0.046605125069618225, 0.06811433285474777, 0.04423223063349724, 0.05397035926580429, 0.10272833704948425, 0.12348473072052002, 0.14022138714790344, 0.15871292352676392, 0.1775166541337967, 0.1899784803390503, 0.20506075024604797, 0.21974579989910126, 0.21136215329170227, 0.2361167073249817, 0.269988089799881, 0.24084800481796265, 0.29244887828826904, 0.2975916266441345, 0.3212796747684479, 0.3004552125930786, 0.3257104456424713, 0.3660546839237213, 0.3083530068397522, 0.23860517144203186, 0.32208749651908875, 0.3795238137245178, 0.389668345451355, 0.34553447365760803, 0.4061841368675232, 0.41158586740493774, 0.44008150696754456, 0.4458179473876953, 0.4648505747318268, 0.5035205483436584, 0.5151107311248779, 0.350809782743454, 0.46077218651771545, 0.46918267011642456, 0.3680586814880371, 0.47320711612701416, 0.4970841109752655, 0.5249626636505127, 0.5290578603744507, 0.5498385429382324, 0.5271227359771729, 0.5470386743545532, 0.49178546667099, 0.24174124002456665, 0.2973492741584778, 0.4121357500553131, 0.47498470544815063, 0.49644309282302856, 0.5269908905029297, 0.5270898342132568, 0.5494202375411987, 0.5416300296783447, 0.5834407210350037, 0.5874472856521606, 0.5828301906585693, 0.6156046986579895, 0.6170340776443481, 0.6021474003791809, 0.6326249837875366, 0.6127369999885559, 0.63810795545578, 0.6471446752548218, 0.6725298166275024, 0.664922297000885, 0.6685976982116699, 0.6703963279724121, 0.6893975138664246, 0.6750345826148987, 0.688622772693634, 0.6268933415412903, 0.6782482266426086, 0.6975394487380981, 0.6929604411125183, 0.6768571138381958, 0.6766432523727417, 0.6563012003898621, 0.6762834787368774, 0.687076210975647, 0.6974301934242249, 0.2203502655029297, 0.37711837887763977, 0.4432782232761383, 0.5167590379714966, 0.5742958784103394, 0.5978891253471375, 0.600337028503418, 0.5996581315994263, 0.6363813281059265],