{"loss": [0.4581804573535919, 0.391529381275177, 0.3488370180130005, 0.3216850459575653, 0.301857590675354, 0.2763226628303528, 0.26011547446250916, 0.24429823458194733, 0.22963447868824005, 0.21627171337604523, 0.20573587715625763, 0.1937379390001297, 0.18691594898700714, 0.1742342710494995, 0.16660469770431519, 0.15536372363567352, 0.14983980357646942, 0.13934391736984253, 0.13378988206386566, 0.12998083233833313, 0.11883550137281418, 0.11310131102800369, 0.1077103316783905, 0.1028321385383606, 0.09585322439670563, 0.09088008105754852, 0.08575920760631561, 0.08433536440134048, 0.07854252308607101, 0.07711745798587799, 0.07095388323068619, 0.06654581427574158, 0.06277423352003098, 0.05952855199575424, 0.05640973523259163, 0.053589556366205215, 0.05182202160358429, 0.048725176602602005, 0.046444714069366455, 0.044511254876852036, 0.04190095141530037, 0.0395885594189167, 0.037567343562841415, 0.03582850098609924, 0.036619000136852264, 0.03383655473589897, 0.03121156617999077, 0.029705265536904335, 0.028277738019824028, 0.027397872880101204, 0.02666521444916725, 0.024631472304463387, 0.023609871044754982, 0.022538959980010986, 0.022872064262628555, 0.022237997502088547, 0.020432695746421814, 0.019004063680768013, 0.01813962683081627, 0.017304033041000366, 0.01658640429377556, 0.016071638092398643, 0.015247697941958904, 0.02030370384454727, 0.014510695822536945, 0.013807443901896477, 0.014370057731866837, 0.012781834229826927, 0.012877753004431725, 0.01183131244033575, 0.014776772819459438, 0.011827138252556324, 0.011210672557353973, 0.011541017331182957, 0.010845309123396873, 0.010757866315543652, 0.009614823386073112, 0.009525064378976822, 0.008837400004267693, 0.008680977858603, 0.008388628251850605, 0.007993483915925026, 0.007794181816279888, 0.009775890037417412, 0.007461049128323793, 0.007192081771790981, 0.007898008450865746, 0.007036690134555101, 0.006652611307799816, 0.006458948366343975, 0.008958994410932064, 0.007245789282023907, 0.006268599536269903, 0.006826902739703655, 0.006013455335050821, 0.00576785858720541, 0.0056237149983644485, 0.005468778777867556, 0.007067782338708639, 0.005356953479349613], "accuracy": [0.36796632409095764, 0.648980975151062, 0.798848032951355, 0.8598803877830505, 0.8855782151222229, 0.954142689704895, 0.9646654725074768, 0.9793974161148071, 0.9902525544166565, 0.9960123896598816, 0.9908064007759094, 0.9968985319137573, 0.9803943037986755, 0.995347797870636, 0.9881479740142822, 0.9993354082107544, 0.9848250150680542, 0.9991138577461243, 0.9900310039520264, 0.9762959480285645, 0.9991138577461243, 0.9963446855545044, 0.9937970638275146, 0.9903632998466492, 0.9988923072814941, 0.9984492659568787, 0.9995569586753845, 0.9833850264549255, 0.996123194694519, 0.9829419851303101, 0.9950155019760132, 0.9993354082107544, 0.9998892545700073, 1.0, 1.0, 0.9997784495353699, 0.996123194694519, 0.9986708164215088, 0.9984492659568787, 0.9976739287376404, 0.9988923072814941, 0.9998892545700073, 1.0, 0.9997784495353699, 0.9896987080574036, 0.9965662360191345, 1.0, 0.9997784495353699, 0.9998892545700073, 0.9985600113868713, 0.9978954195976257, 1.0, 0.9997784495353699, 0.9995569586753845, 0.9945724606513977, 0.9913601875305176, 0.9981169700622559, 0.9997784495353699, 0.9998892545700073, 1.0, 0.9998892545700073, 0.9994461536407471, 0.9998892545700073, 0.9828311800956726, 0.9998892545700073, 0.9998892545700073, 0.9959016442298889, 0.9997784495353699, 0.9975631237030029, 0.9998892545700073, 0.9859326481819153, 0.9974523782730103, 0.9987815618515015, 0.9943509101867676, 0.9964554905891418, 0.9956800937652588, 0.9993354082107544, 0.9987815618515015, 1.0, 0.9992246627807617, 0.9997784495353699, 1.0, 0.9998892545700073, 0.9887018203735352, 1.0, 0.9998892545700073, 0.9968985319137573, 0.9995569586753845, 0.9998892545700073, 0.9995569586753845, 0.9887018203735352, 0.9964554905891418, 0.9997784495353699, 0.998338520526886, 0.9997784495353699, 1.0, 0.9998892545700073, 0.9998892545700073, 0.9926894307136536, 0.9998892545700073], "f1_m": [0.19474872946739197, 0.5969992876052856, 0.7775784134864807, 0.8475860357284546, 0.8797911405563354, 0.9474272131919861, 0.9617354869842529, 0.9760419726371765, 0.9895553588867188, 0.9940329790115356, 0.9904821515083313, 0.9948101043701172, 0.97801274061203, 0.9935442209243774, 0.9879016876220703, 0.9959261417388916, 0.9843930602073669, 0.9958169460296631, 0.9873849749565125, 0.9747768044471741, 0.9980539679527283, 0.9949995279312134, 0.9919725060462952, 0.990254819393158, 0.9987316131591797, 0.9982897043228149, 0.9947489500045776, 0.982406735420227, 0.9951261878013611, 0.9814983010292053, 0.9945847392082214, 0.9991171360015869, 0.9998345375061035, 1.0, 0.999889075756073, 0.9988831281661987, 0.9951756596565247, 0.9970819354057312, 0.9975600838661194, 0.9974068403244019, 0.9989516735076904, 0.9998899698257446, 1.0, 0.9969818592071533, 0.987240731716156, 0.9963327050209045, 1.0, 0.9997799396514893, 0.9988839626312256, 0.9974456429481506, 0.9977932572364807, 0.9999445676803589, 0.9996135830879211, 0.9987176060676575, 0.9910449981689453, 0.9894822835922241, 0.9981234073638916, 0.9997799396514893, 0.9998899698257446, 1.0, 0.9998899698257446, 0.9994498491287231, 0.9982394576072693, 0.9823417067527771, 0.9998345375061035, 0.9982394576072693, 0.9960142374038696, 0.9988831281661987, 0.9977818727493286, 0.9982394576072693, 0.9839739799499512, 0.9974657297134399, 0.9979422092437744, 0.992520272731781, 0.9948170781135559, 0.9953198432922363, 0.9984429478645325, 0.9986743927001953, 1.0, 0.9992825984954834, 0.9997799396514893, 0.9999445676803589, 0.998993992805481, 0.9890398979187012, 1.0, 0.9969818592071533, 0.9966868162155151, 0.9995598793029785, 0.9998899698257446, 0.9951950907707214, 0.9858498573303223, 0.9963471293449402, 0.9981294274330139, 0.9980159401893616, 0.9997245073318481, 1.0, 0.9998899698257446, 0.9969818592071533, 0.9927590489387512, 0.9998899698257446], "val_loss": [2.781672954559326, 1.4866786003112793, 1.2106910943984985, 1.0936360359191895, 0.921804666519165, 0.8292056322097778, 0.6327256560325623, 0.6797851920127869, 0.5173113346099854, 0.5193720459938049, 0.4865180552005768, 1.0401554107666016, 0.530350923538208, 0.5582064390182495, 0.4333040714263916, 0.4695037305355072, 0.4526979625225067, 0.46319958567619324, 0.6698572635650635, 0.4095679819583893, 0.40189313888549805, 0.439426988363266, 0.5542871952056885, 0.34507086873054504, 0.35327792167663574, 0.31300249695777893, 0.7908893823623657, 0.37891435623168945, 0.5133872032165527, 0.38864362239837646, 0.30140233039855957, 0.30620265007019043, 0.2792842984199524, 0.27497705817222595, 0.2618160545825958, 0.27692392468452454, 0.26992061734199524, 0.3230578899383545, 0.26364317536354065, 0.2698666453361511, 0.25469404458999634, 0.24594168365001678, 0.2434130609035492, 0.27170732617378235, 0.27916842699050903, 0.2539646029472351, 0.24085044860839844, 0.23335674405097961, 0.24460485577583313, 0.27369290590286255, 0.23355309665203094, 0.22638829052448273, 0.26027753949165344, 0.26853299140930176, 0.27608832716941833, 0.24595887959003448, 0.2325107902288437, 0.22001582384109497, 0.2176375687122345, 0.21456116437911987, 0.21262133121490479, 0.21489909291267395, 0.6784688234329224, 0.2749107778072357, 0.21485991775989532, 0.23527628183364868, 0.21228544414043427, 0.2243296056985855, 0.21061676740646362, 0.4785047173500061, 0.228133425116539, 0.22332222759723663, 0.2472820281982422, 0.29365113377571106, 0.23708544671535492, 0.19661666452884674, 0.20265187323093414, 0.20648272335529327, 0.19784951210021973, 0.1942269504070282, 0.19465772807598114, 0.197306826710701, 0.24053312838077545, 0.20459027588367462, 0.18981453776359558, 0.22233593463897705, 0.19855616986751556, 0.1897473931312561, 0.18714463710784912, 0.5017518997192383, 0.2793690860271454, 0.188170924782753, 0.19628466665744781, 0.19850102066993713, 0.18251751363277435, 0.18730241060256958, 0.18369437754154205, 0.27314823865890503, 0.18735744059085846, 0.18419502675533295],