{"loss": [0.4044624865055084, 0.37745243310928345, 0.35950013995170593, 0.3424420952796936, 0.3295342028141022, 0.31249430775642395, 0.2996966540813446, 0.2912651300430298, 0.2772129476070404, 0.26756247878074646, 0.25682365894317627, 0.24553556740283966, 0.23669284582138062, 0.2277318239212036, 0.21893730759620667, 0.21243084967136383, 0.20326170325279236, 0.1949559599161148, 0.19025954604148865, 0.18402080237865448, 0.18438446521759033, 0.1738768219947815, 0.1675630360841751, 0.16017547249794006, 0.15643513202667236, 0.16337202489376068, 0.1540737897157669, 0.1458614617586136, 0.14081591367721558, 0.1351006031036377, 0.13161931931972504, 0.12834647297859192, 0.12442898005247116, 0.13111914694309235, 0.1258583962917328, 0.11627227067947388, 0.11398942768573761, 0.1109902411699295, 0.14066344499588013, 0.12360543012619019, 0.11615363508462906, 0.1105603277683258, 0.10967083275318146, 0.1037714034318924, 0.11689110100269318, 0.10422299802303314, 0.10046880692243576, 0.09644483029842377, 0.09155779331922531, 0.0906125158071518, 0.08790303766727448, 0.08622163534164429, 0.08828160911798477, 0.08507777750492096, 0.0812782272696495, 0.07977459579706192, 0.07949939370155334, 0.0866142213344574, 0.12722419202327728, 0.11043660342693329, 0.1062699407339096, 0.09892704337835312, 0.09390762448310852, 0.09118758141994476, 0.08671087771654129, 0.08383145928382874, 0.08070293813943863], "accuracy": [0.09548072516918182, 0.14111652970314026, 0.17213115096092224, 0.18176783621311188, 0.19162605702877045, 0.23105892539024353, 0.24723084270954132, 0.24213558435440063, 0.2754763066768646, 0.2792423665523529, 0.2899866998195648, 0.3104785084724426, 0.3156845271587372, 0.3290872871875763, 0.344816118478775, 0.3572219908237457, 0.37405848503112793, 0.38646432757377625, 0.38469207286834717, 0.3951041102409363, 0.36486485600471497, 0.40463003516197205, 0.41869738698005676, 0.4451705813407898, 0.4458351731300354, 0.3808152377605438, 0.42744794487953186, 0.45580416917800903, 0.47197607159614563, 0.4892556369304657, 0.4940186142921448, 0.5007753372192383, 0.5129596590995789, 0.4613424837589264, 0.4764067232608795, 0.5228179097175598, 0.5289100408554077, 0.5351129770278931, 0.3616526424884796, 0.4397430121898651, 0.48260965943336487, 0.5054275393486023, 0.4968985319137573, 0.5323438048362732, 0.4501550793647766, 0.513956606388092, 0.5322330594062805, 0.5443065762519836, 0.569118320941925, 0.5794196128845215, 0.5866193771362305, 0.5914931297302246, 0.57764732837677, 0.5893885493278503, 0.6025697588920593, 0.608661949634552, 0.6157509684562683, 0.5610323548316956, 0.3286442160606384, 0.41814354062080383, 0.43918919563293457, 0.48028355836868286, 0.5086398124694824, 0.5166149735450745, 0.5406513214111328, 0.5659060478210449, 0.575985848903656], "f1_m": [0.004479770082980394, 0.0038676895201206207, 0.005601166747510433, 0.012587102130055428, 0.009810766205191612, 0.026044724509119987, 0.05141763016581535, 0.03966594114899635, 0.06151074543595314, 0.07445447146892548, 0.09638513624668121, 0.12498445808887482, 0.14540895819664001, 0.17016397416591644, 0.1962047666311264, 0.21074582636356354, 0.23998521268367767, 0.25516489148139954, 0.2624109983444214, 0.2685949206352234, 0.23347005248069763, 0.2785849869251251, 0.30356645584106445, 0.3376511037349701, 0.3430083394050598, 0.255350798368454, 0.3086332678794861, 0.36087512969970703, 0.3847789764404297, 0.4113004803657532, 0.42003998160362244, 0.4266475737094879, 0.44649526476860046, 0.3704724907875061, 0.39384108781814575, 0.4577760398387909, 0.4675504267215729, 0.4732154607772827, 0.23245610296726227, 0.33937227725982666, 0.3917095959186554, 0.4335310161113739, 0.42281821370124817, 0.4631272554397583, 0.34948161244392395, 0.43851861357688904, 0.4690636098384857, 0.49063733220100403, 0.5236891508102417, 0.5269479751586914, 0.5436423420906067, 0.551081120967865, 0.5305221080780029, 0.5441672801971436, 0.5708181262016296, 0.571686863899231, 0.5764424204826355, 0.5155555009841919, 0.16649648547172546, 0.28945454955101013, 0.3197163939476013, 0.38871151208877563, 0.43893352150917053, 0.4461067318916321, 0.4846954941749573, 0.5069052577018738, 0.524911642074585], "val_loss": [3.052217721939087, 2.82741379737854, 2.6185903549194336, 2.5043983459472656, 2.4244229793548584, 2.287454843521118, 2.277005195617676, 2.2916247844696045, 2.1720988750457764, 2.161210775375366, 2.0555591583251953, 2.0034751892089844, 1.9631339311599731, 1.9246296882629395, 1.8688417673110962, 1.8079321384429932, 1.7796376943588257, 1.7683115005493164, 1.6889705657958984, 1.6820844411849976, 1.7286587953567505, 1.6550742387771606, 1.5956332683563232, 1.5585633516311646, 1.5415109395980835, 1.6734731197357178, 1.5392968654632568, 1.4910238981246948, 1.4532251358032227, 1.4187489748001099, 1.4043329954147339, 1.3594884872436523, 1.3501032590866089, 1.4516105651855469, 1.4087467193603516, 1.3630889654159546, 1.323551893234253, 1.4496017694473267, 1.7163456678390503, 1.4759266376495361, 1.4035863876342773, 1.3345168828964233, 1.3174259662628174, 1.3028875589370728, 1.4206531047821045, 1.293750524520874, 1.2516350746154785, 1.2174527645111084, 1.2106595039367676, 1.1733694076538086, 1.1478826999664307, 1.117780327796936, 1.1827852725982666, 1.0807175636291504, 1.1135977506637573, 1.089074730873108, 1.0768128633499146, 1.400883674621582, 1.895780324935913, 1.608346700668335, 1.5119937658309937, 1.4175293445587158, 1.3510291576385498, 1.309583306312561, 1.2241933345794678, 1.1756162643432617, 1.1440722942352295], "val_accuracy": [0.08100000023841858, 0.15166667103767395, 0.21566666662693024, 0.234333336353302, 0.2540000081062317, 0.3136666715145111, 0.3096666634082794, 0.29866665601730347, 0.3346666693687439, 0.3373333215713501, 0.375, 0.40033334493637085, 0.4033333361148834, 0.4259999990463257, 0.43799999356269836, 0.44999998807907104, 0.4620000123977661, 0.45633333921432495, 0.4933333396911621, 0.48366665840148926, 0.46933332085609436, 0.4983333349227905, 0.5196666717529297, 0.5316666960716248, 0.5273333191871643, 0.47833332419395447, 0.5373333096504211, 0.5506666898727417, 0.5613333582878113, 0.5763333439826965, 0.5803333520889282, 0.5933333039283752, 0.593666672706604, 0.5616666674613953, 0.565666675567627, 0.5883333086967468, 0.6033333539962769, 0.5596666932106018, 0.4586666524410248, 0.5366666913032532, 0.5693333148956299, 0.5883333086967468, 0.6029999852180481, 0.6076666712760925, 0.5673333406448364, 0.6106666922569275, 0.6136666536331177, 0.6299999952316284, 0.625, 0.640999972820282, 0.653333306312561, 0.6579999923706055, 0.6420000195503235, 0.6723333597183228, 0.656333327293396, 0.6633333563804626, 0.6636666655540466, 0.5640000104904175, 0.3776666522026062, 0.4909999966621399, 0.5223333239555359, 0.5606666803359985, 0.593999981880188, 0.5996666550636292, 0.6223333477973938, 0.6476666927337646, 0.6553333401679993],