{"loss": [0.478747695684433, 0.451273649930954, 0.42981261014938354, 0.403813898563385, 0.3760804533958435, 0.3499131500720978, 0.32785773277282715, 0.3065338432788849, 0.2837018370628357, 0.2636711299419403, 0.24524563550949097, 0.23037469387054443, 0.21710419654846191, 0.19833332300186157, 0.19235800206661224, 0.17499448359012604, 0.16592925786972046, 0.1544780433177948, 0.14437107741832733, 0.13456514477729797, 0.1351836919784546, 0.12724804878234863, 0.11306316405534744, 0.11000776290893555, 0.10530281811952591, 0.10804867744445801, 0.10028798133134842, 0.08708533644676208, 0.08200567960739136, 0.08432695269584656, 0.07374133914709091, 0.06882204860448837, 0.06752032041549683, 0.06366145610809326, 0.06386224180459976, 0.05575980991125107, 0.05474524572491646, 0.05362004041671753, 0.051991529762744904, 0.04749708250164986, 0.04364196956157684, 0.04118875414133072, 0.054198332130908966, 0.04154209792613983, 0.038589391857385635, 0.03689943253993988, 0.03260757401585579, 0.03860429301857948, 0.03353222832083702, 0.030413443222641945, 0.03191668167710304, 0.026795335114002228, 0.024959763512015343, 0.02830367535352707, 0.0233257245272398, 0.03489679843187332, 0.024081824347376823, 0.02159344218671322, 0.0298899095505476, 0.0237306896597147, 0.019604500383138657, 0.019267776980996132, 0.02054872363805771, 0.016617393121123314, 0.02028464712202549, 0.015940653160214424, 0.0178514551371336], "accuracy": [0.08839166909456253, 0.12339388579130173, 0.15363314747810364, 0.22053611278533936, 0.30361098051071167, 0.3789322078227997, 0.433318555355072, 0.49036329984664917, 0.5553832650184631, 0.6091049909591675, 0.6593930125236511, 0.6846477389335632, 0.7124501466751099, 0.7652857899665833, 0.7545413970947266, 0.8113646507263184, 0.8188967704772949, 0.8428223133087158, 0.8664156198501587, 0.8920026421546936, 0.8442623019218445, 0.8674125075340271, 0.9178112745285034, 0.9017500877380371, 0.9033008217811584, 0.8635356426239014, 0.8753876686096191, 0.9400753378868103, 0.9456136226654053, 0.9114975929260254, 0.9553611278533936, 0.9655516147613525, 0.952813446521759, 0.9597917795181274, 0.9460567235946655, 0.9772928953170776, 0.968985378742218, 0.9591271877288818, 0.953367292881012, 0.9709791541099548, 0.9836065769195557, 0.9867080450057983, 0.9097253084182739, 0.9638901352882385, 0.9703145623207092, 0.9724191427230835, 0.9893664121627808, 0.9453921318054199, 0.9682100415229797, 0.9779574871063232, 0.9621178507804871, 0.9878156781196594, 0.991470992565155, 0.9620071053504944, 0.9908064007759094, 0.9189189076423645, 0.9767390489578247, 0.9857110977172852, 0.9357554316520691, 0.9628932476043701, 0.9849357604980469, 0.9834957718849182, 0.971976101398468, 0.9929109215736389, 0.9677669405937195, 0.9910278916358948, 0.9766282439231873], "f1_m": [0.0064751580357551575, 0.013717676512897015, 0.018200816586613655, 0.047943610697984695, 0.10553646832704544, 0.18794138729572296, 0.27288123965263367, 0.3734667897224426, 0.47014468908309937, 0.5603132247924805, 0.6112135052680969, 0.6568479537963867, 0.6937628984451294, 0.7532359957695007, 0.7436804175376892, 0.8057713508605957, 0.8143573999404907, 0.8400943279266357, 0.8634452819824219, 0.8836115598678589, 0.838620662689209, 0.8631740808486938, 0.9128586649894714, 0.8939114809036255, 0.8989971280097961, 0.8610421419143677, 0.8763757944107056, 0.9397509694099426, 0.9428979754447937, 0.9096485376358032, 0.9554756879806519, 0.959457516670227, 0.951230525970459, 0.9540971517562866, 0.9459202885627747, 0.9749936461448669, 0.963755190372467, 0.9553602933883667, 0.9486299157142639, 0.9690434336662292, 0.982442319393158, 0.9816546440124512, 0.9083490371704102, 0.9621366858482361, 0.9660041928291321, 0.9720084071159363, 0.9856882095336914, 0.943210244178772, 0.9661246538162231, 0.9746203422546387, 0.9623507857322693, 0.9869558811187744, 0.9870503544807434, 0.9619808197021484, 0.9857446551322937, 0.9159631729125977, 0.9752900004386902, 0.9803494811058044, 0.9354200959205627, 0.9606255292892456, 0.9831498861312866, 0.980909526348114, 0.9710676074028015, 0.98822021484375, 0.9671541452407837, 0.9870117902755737, 0.9750298261642456], "val_loss": [2.976846933364868, 2.8674888610839844, 2.7006218433380127, 2.515834331512451, 2.286250114440918, 2.149770736694336, 1.8453752994537354, 1.7728023529052734, 1.6447957754135132, 1.549025058746338, 1.3365662097930908, 1.1974706649780273, 1.1265572309494019, 1.1056408882141113, 1.036669135093689, 1.109007477760315, 0.9822171926498413, 0.9962563514709473, 0.8822146058082581, 0.9219763875007629, 0.9766781330108643, 0.823386549949646, 0.8816909193992615, 0.757716715335846, 1.1459184885025024, 0.8116312026977539, 0.7788774371147156, 0.6963838934898376, 0.7427368760108948, 0.7754765748977661, 0.659824013710022, 0.8009299039840698, 0.6771931052207947, 0.7548415660858154, 0.6633067727088928, 0.6598378419876099, 0.6253252625465393, 0.6384099721908569, 0.7221114039421082, 0.5930821895599365, 0.5894945859909058, 0.7267812490463257, 0.6272578239440918, 0.6525812745094299, 0.6307482123374939, 0.5712374448776245, 0.630971372127533, 0.5959697365760803, 0.5956329107284546, 0.5792365670204163, 0.5887762308120728, 0.5555244088172913, 0.5689170956611633, 0.5699073672294617, 0.6923905611038208, 0.5901355147361755, 0.5341223478317261, 0.7075490951538086, 0.5904240608215332, 0.5903937816619873, 0.5487319827079773, 0.5462062358856201, 0.5706766843795776, 0.5637009143829346, 0.5811125636100769, 0.5413669943809509, 0.5915267467498779], "val_accuracy": [0.12566666305065155, 0.1576666682958603, 0.2293333262205124, 0.2566666603088379, 0.343666672706604, 0.3946666717529297, 0.4906666576862335, 0.4986666738986969, 0.5406666398048401, 0.5759999752044678, 0.653333306312561, 0.6959999799728394, 0.7020000219345093, 0.7206666469573975, 0.7286666631698608, 0.7120000123977661, 0.749666690826416, 0.7456666827201843, 0.7746666669845581, 0.7703333497047424, 0.7450000047683716, 0.7866666913032532, 0.7806666493415833, 0.8100000023841858, 0.7126666903495789, 0.7806666493415833, 0.7986666560173035, 0.8236666917800903, 0.8106666803359985, 0.8013333082199097, 0.8339999914169312, 0.8033333420753479, 0.8296666741371155, 0.8136666417121887, 0.8309999704360962, 0.8330000042915344, 0.8433333039283752, 0.8379999995231628, 0.8106666803359985, 0.8529999852180481, 0.8506666421890259, 0.8256666660308838, 0.8386666774749756, 0.8333333134651184, 0.8389999866485596, 0.8550000190734863, 0.8460000157356262, 0.8453333377838135, 0.8496666550636292, 0.8483333587646484, 0.8526666760444641, 0.8583333492279053, 0.8579999804496765, 0.8513333201408386, 0.8296666741371155, 0.8413333296775818, 0.8606666922569275, 0.8183333277702332, 0.8506666421890259, 0.8553333282470703, 0.8669999837875366, 0.8656666874885559, 0.856333315372467, 0.862666666507721, 0.8529999852180481, 0.8603333234786987, 0.8483333587646484],