{"loss": [0.4802084267139435, 0.45180413126945496, 0.42592179775238037, 0.4021851718425751, 0.3792150318622589, 0.3551061451435089, 0.33285078406333923, 0.31256935000419617, 0.29355064034461975, 0.27696219086647034, 0.2609553933143616, 0.24460327625274658, 0.2342778593301773, 0.2179499715566635, 0.20369690656661987, 0.19490577280521393, 0.1819629818201065, 0.17207038402557373, 0.1654055416584015, 0.15549902617931366, 0.14507761597633362, 0.14047788083553314, 0.13008596003055573, 0.1248321607708931, 0.1184503361582756, 0.112086221575737, 0.10820403695106506, 0.10363306850194931, 0.09891422092914581, 0.09202007949352264, 0.09254345297813416, 0.08860205858945847, 0.0817166268825531, 0.08095979690551758, 0.07308400422334671, 0.07055902481079102, 0.06573142111301422, 0.06185239553451538, 0.06171254813671112, 0.05843878909945488, 0.05490025132894516, 0.0522167831659317, 0.050297729671001434, 0.049134451895952225, 0.0472184494137764, 0.04777475446462631, 0.045750927180051804, 0.041291408240795135, 0.04748271033167839, 0.039732564240694046, 0.038393210619688034, 0.03570512682199478, 0.0347929485142231], "accuracy": [0.07687195390462875, 0.12793530523777008, 0.177004873752594, 0.22961896657943726, 0.2825653553009033, 0.3439300060272217, 0.39587947726249695, 0.44760745763778687, 0.49678775668144226, 0.5307930707931519, 0.5567124485969543, 0.5966991782188416, 0.6022374629974365, 0.6469871401786804, 0.6793309450149536, 0.6854231357574463, 0.7133362889289856, 0.7349357604980469, 0.7362649440765381, 0.7557598352432251, 0.7837837934494019, 0.7774701118469238, 0.8088170289993286, 0.8089277744293213, 0.8223305344581604, 0.8301949501037598, 0.8294196128845215, 0.8336287140846252, 0.8434869050979614, 0.8612095713615417, 0.8393885493278503, 0.8434869050979614, 0.8663048148155212, 0.8573327660560608, 0.884470522403717, 0.88502436876297, 0.8988701701164246, 0.9080638289451599, 0.8963225483894348, 0.9040762186050415, 0.912162184715271, 0.9174789786338806, 0.9180327653884888, 0.9144882559776306, 0.9178112745285034, 0.9054054021835327, 0.9096145033836365, 0.9272264242172241, 0.8852459192276001, 0.9175897240638733, 0.9236818552017212, 0.9296632409095764, 0.9321001172065735], "f1_m": [0.004908167757093906, 0.006894806399941444, 0.013326693326234818, 0.030506351962685585, 0.05258205160498619, 0.12468695640563965, 0.2135540395975113, 0.30103108286857605, 0.3808058202266693, 0.4510154128074646, 0.49391302466392517, 0.5467196702957153, 0.5609885454177856, 0.6135163903236389, 0.6530246138572693, 0.666559636592865, 0.6978884935379028, 0.7240477800369263, 0.7230241894721985, 0.742777407169342, 0.7697973251342773, 0.7677363753318787, 0.802322506904602, 0.8007566332817078, 0.8148204684257507, 0.8227846026420593, 0.8202921748161316, 0.8310471773147583, 0.8420695662498474, 0.8595539331436157, 0.8308880925178528, 0.8368450999259949, 0.8592541813850403, 0.8509365916252136, 0.8779841661453247, 0.8833929896354675, 0.8984645009040833, 0.9039985537528992, 0.8935545682907104, 0.9029384255409241, 0.9126709699630737, 0.916151762008667, 0.918027937412262, 0.913057804107666, 0.9099826812744141, 0.8988235592842102, 0.9117395281791687, 0.9205465316772461, 0.8810962438583374, 0.918742299079895, 0.9198695421218872, 0.9279209971427917, 0.9318057894706726], "val_loss": [3.5026800632476807, 2.784597635269165, 2.6347765922546387, 2.4978551864624023, 2.2609288692474365, 2.079632520675659, 1.8381738662719727, 1.7052656412124634, 1.5934542417526245, 1.4483128786087036, 1.3274493217468262, 1.3001400232315063, 1.200231909751892, 1.1435270309448242, 1.0348422527313232, 0.9448972940444946, 0.9468379616737366, 0.869684636592865, 0.9581179022789001, 0.8126394748687744, 1.078985571861267, 0.7699791789054871, 0.842574954032898, 0.6923151016235352, 0.744492769241333, 0.7816832661628723, 0.6410757899284363, 0.6927822828292847, 0.5781827569007874, 0.6424967646598816, 0.6498076319694519, 0.6246936321258545, 0.5579527020454407, 0.5990102887153625, 0.53885418176651, 0.5001775026321411, 0.5601475834846497, 0.5197400450706482, 0.5744636058807373, 0.5356878042221069, 0.4865083694458008, 0.5436035990715027, 0.45546987652778625, 0.5480184555053711, 0.6330060362815857, 1.0531657934188843, 0.48782363533973694, 0.5603119730949402, 0.5808506011962891, 0.5044575333595276, 0.4923211932182312, 0.49981889128685, 0.4773496091365814], "val_accuracy": [0.07633333653211594, 0.1653333306312561, 0.22699999809265137, 0.2590000033378601, 0.3463333249092102, 0.4206666648387909, 0.48533332347869873, 0.5263333320617676, 0.5543333292007446, 0.6076666712760925, 0.6396666765213013, 0.640666663646698, 0.6796666383743286, 0.6976666450500488, 0.7233333587646484, 0.7526666522026062, 0.7506666779518127, 0.7670000195503235, 0.7383333444595337, 0.7789999842643738, 0.6996666789054871, 0.7889999747276306, 0.7680000066757202, 0.8220000267028809, 0.793666660785675, 0.7826666831970215, 0.8253333568572998, 0.8220000267028809, 0.843999981880188, 0.8259999752044678, 0.8236666917800903, 0.8289999961853027, 0.8496666550636292, 0.8286666870117188, 0.859333336353302, 0.8633333444595337, 0.8403333425521851, 0.859000027179718, 0.840666651725769, 0.8526666760444641, 0.8646666407585144, 0.847000002861023, 0.8766666650772095, 0.8489999771118164, 0.815666675567627, 0.7059999704360962, 0.8560000061988831, 0.8429999947547913, 0.8353333473205566, 0.8640000224113464, 0.8669999837875366, 0.859666645526886, 0.8703333139419556], "val_f1_m": [0.06189695745706558, 0.030036630108952522, 0.01823519356548786, 0.05700363963842392, 0.15030907094478607, 0.22734509408473969, 0.34033122658729553, 0.4252934455871582, 0.4888213872909546, 0.5557796955108643, 0.6060976386070251, 0.6114545464515686, 0.6564114093780518, 0.6773777604103088, 0.7223913073539734, 0.746836245059967, 0.7459754347801208, 0.7704797983169556, 0.7275710701942444, 0.7826621532440186, 0.6899614334106445, 0.7932873368263245, 0.7706702947616577, 0.8178765177726746, 0.7928436994552612, 0.7868486046791077, 0.8274242877960205, 0.8230602145195007, 0.8444748520851135, 0.8285677433013916, 0.82750403881073, 0.8357378244400024, 0.8545063734054565, 0.8320524096488953, 0.8612951040267944, 0.867803692817688, 0.8415856957435608, 0.8590671420097351, 0.8451607823371887, 0.855846107006073, 0.8691314458847046, 0.8511955738067627, 0.8772901892662048, 0.8505346179008484, 0.824091911315918, 0.7176802754402161, 0.8594865202903748, 0.8470540046691895, 0.8405821919441223, 0.8673446178436279, 0.8685490489006042, 0.8638452291488647, 0.8738227486610413]}