{"loss": [0.47041523456573486, 0.4081343114376068, 0.37176817655563354, 0.34605321288108826, 0.31969010829925537, 0.29699626564979553, 0.27738553285598755, 0.2580815851688385, 0.24458742141723633, 0.2286992222070694, 0.2223498821258545, 0.20403510332107544, 0.1914481818675995, 0.1855466514825821, 0.17524279654026031, 0.16527043282985687, 0.1546376645565033, 0.14401966333389282, 0.13624416291713715, 0.12842614948749542, 0.12294075638055801, 0.11752848327159882, 0.11351093649864197, 0.10399740189313889, 0.10022727400064468, 0.09479881078004837, 0.09092316031455994, 0.08715102821588516, 0.08031719923019409, 0.07676608115434647, 0.07186403125524521, 0.07161611318588257, 0.06611349433660507, 0.061693426221609116, 0.05840730294585228, 0.05565151572227478, 0.05284439027309418, 0.050101976841688156, 0.04811539873480797, 0.045381758362054825, 0.043564919382333755, 0.045800141990184784, 0.03938036412000656, 0.03801460564136505, 0.03601740300655365, 0.03477867692708969, 0.03610852360725403, 0.031323134899139404, 0.030651887878775597, 0.028465189039707184, 0.028384322300553322, 0.02605297416448593, 0.024876601994037628, 0.024429235607385635, 0.023147189989686012, 0.02166076935827732, 0.020645903423428535, 0.01981390081346035, 0.020249037072062492, 0.01832984946668148, 0.01759302243590355, 0.016719352453947067, 0.01606246456503868, 0.015553319826722145, 0.01487339474260807, 0.014427444897592068, 0.013793360441923141, 0.013927767984569073, 0.012953504920005798, 0.018245168030261993, 0.013231569901108742, 0.012048579752445221], "accuracy": [0.28610989451408386, 0.5387682914733887, 0.6542977690696716, 0.710456371307373, 0.7742578387260437, 0.8208905458450317, 0.8516836762428284, 0.8910057544708252, 0.897651731967926, 0.9211342334747314, 0.8944395184516907, 0.9391891956329346, 0.9536995887756348, 0.9283340573310852, 0.9457244277000427, 0.9466105699539185, 0.9627824425697327, 0.9833850264549255, 0.9846034646034241, 0.9904741048812866, 0.9829419851303101, 0.9790651202201843, 0.9743021726608276, 0.9921355843544006, 0.9848250150680542, 0.9848250150680542, 0.9807265996932983, 0.9756313562393188, 0.993132472038269, 0.9901418089866638, 0.996123194694519, 0.9766282439231873, 0.9919140338897705, 0.9966769814491272, 0.9978954195976257, 0.99700927734375, 0.9976739287376404, 0.9985600113868713, 0.9964554905891418, 0.9980062246322632, 0.99700927734375, 0.9801728129386902, 0.9988923072814941, 0.9959016442298889, 0.9963446855545044, 0.9944616556167603, 0.9791759252548218, 0.998338520526886, 0.9950155019760132, 0.9984492659568787, 0.9913601875305176, 0.9987815618515015, 0.9985600113868713, 0.9954586029052734, 0.9967877864837646, 0.9996677041053772, 0.9995569586753845, 0.9994461536407471, 0.9926894307136536, 0.9995569586753845, 0.9988923072814941, 1.0, 0.9998892545700073, 0.9990031123161316, 0.9994461536407471, 0.9994461536407471, 0.9993354082107544, 0.9972308278083801, 0.9991138577461243, 0.9755206108093262, 0.9960123896598816, 0.9992246627807617], "f1_m": [0.09332773834466934, 0.4339292347431183, 0.6088812351226807, 0.6789495944976807, 0.7534959316253662, 0.8096961975097656, 0.8487110137939453, 0.8853414058685303, 0.8948966264724731, 0.9172873497009277, 0.8949418663978577, 0.9371549487113953, 0.9489205479621887, 0.9261951446533203, 0.9385299682617188, 0.9448084235191345, 0.963176429271698, 0.98253333568573, 0.9849639534950256, 0.9893625974655151, 0.9791218638420105, 0.9749045372009277, 0.9728979468345642, 0.9902275800704956, 0.9822527170181274, 0.9818794131278992, 0.9743912220001221, 0.9740679264068604, 0.9896213412284851, 0.9897103905677795, 0.9951851963996887, 0.975402295589447, 0.9903271198272705, 0.9964138865470886, 0.9975678324699402, 0.9966340661048889, 0.9974579215049744, 0.9979007244110107, 0.9961727261543274, 0.9977941513061523, 0.995150625705719, 0.9802903532981873, 0.9975540637969971, 0.9942996501922607, 0.9947026371955872, 0.991441011428833, 0.9788122177124023, 0.9971728324890137, 0.9949588775634766, 0.9973408579826355, 0.9909223318099976, 0.9986181259155273, 0.9969701766967773, 0.9929531216621399, 0.9964104294776917, 0.9996690154075623, 0.9996672868728638, 0.9978538751602173, 0.9930312633514404, 0.9995589852333069, 0.9988433122634888, 0.999889075756073, 0.999889075756073, 0.9989507794380188, 0.9994498491287231, 0.9995035529136658, 0.9978530406951904, 0.997134804725647, 0.9979966878890991, 0.9755110144615173, 0.9958515167236328, 0.9982211589813232], "val_loss": [2.97898530960083, 3.629108190536499, 1.7717037200927734, 1.3552074432373047, 1.1897141933441162, 1.1622759103775024, 1.2032197713851929, 2.8398752212524414, 0.704595685005188, 0.9743083715438843, 0.9297078251838684, 0.6433448195457458, 0.7344066500663757, 0.6311602592468262, 1.6505573987960815, 0.748860776424408, 0.4822898209095001, 0.7079997658729553, 0.44437700510025024, 0.4583173096179962, 0.5665191411972046, 0.5707646012306213, 0.7527156472206116, 0.5174213647842407, 0.4936593770980835, 1.2742124795913696, 0.48449939489364624, 0.3535583019256592, 0.4537830352783203, 0.4236615002155304, 0.4011390507221222, 0.3724292516708374, 0.44953927397727966, 0.2871829569339752, 0.29706871509552, 0.26630353927612305, 0.26866742968559265, 0.2757006287574768, 0.3157639503479004, 0.2501065135002136, 0.6668718457221985, 0.39929088950157166, 0.26704496145248413, 0.3105963170528412, 0.3167644739151001, 0.45791640877723694, 0.32975494861602783, 0.22255955636501312, 0.24674783647060394, 0.4663325250148773, 0.2236051708459854, 0.3130938708782196, 0.25793108344078064, 0.2794167995452881, 0.2870897948741913, 0.1960078775882721, 0.20501340925693512, 0.31785666942596436, 0.2070588618516922, 0.21410825848579407, 0.20554083585739136, 0.19464413821697235, 0.23168668150901794, 0.2030256688594818, 0.21049556136131287, 0.1973828673362732, 0.24328143894672394, 0.22423721849918365, 0.37794965505599976, 0.3058220148086548, 0.23890703916549683, 0.20519191026687622], "val_accuracy": [0.11266666650772095, 0.19900000095367432, 0.5043333172798157, 0.6416666507720947, 0.699999988079071, 0.6980000138282776, 0.6806666851043701, 0.38499999046325684, 0.8489999771118164, 0.7483333349227905, 0.7630000114440918, 0.8629999756813049, 0.8303333520889282, 0.8526666760444641, 0.5586666464805603, 0.8183333277702332, 0.8966666460037231, 0.8233333230018616, 0.906333327293396, 0.8930000066757202, 0.859333336353302, 0.8600000143051147, 0.8036666512489319, 0.8740000128746033, 0.8759999871253967, 0.6520000100135803, 0.8733333349227905, 0.9190000295639038, 0.8809999823570251, 0.890999972820282, 0.8973333239555359, 0.9083333611488342, 0.8859999775886536, 0.9356666803359985, 0.9290000200271606, 0.937666654586792, 0.937666654586792, 0.9326666593551636, 0.9179999828338623, 0.9409999847412109, 0.8306666612625122, 0.8913333415985107, 0.9319999814033508, 0.9173333048820496, 0.9213333129882812, 0.8616666793823242, 0.9116666913032532, 0.9453333616256714, 0.9413333535194397, 0.8600000143051147, 0.9433333277702332, 0.9150000214576721, 0.9279999732971191, 0.9233333468437195, 0.9173333048820496, 0.9490000009536743, 0.9456666707992554, 0.9103333353996277, 0.9456666707992554, 0.9459999799728394, 0.9470000267028809, 0.9480000138282776, 0.9380000233650208, 0.9470000267028809, 0.9476666450500488, 0.949999988079071, 0.9340000152587891, 0.9386666417121887, 0.8870000243186951, 0.9073333144187927, 0.9353333115577698, 0.9453333616256714],