{"loss": [0.4776247441768646, 0.4508724808692932, 0.4322988986968994, 0.4116196036338806, 0.3898872435092926, 0.3687075972557068, 0.34781789779663086, 0.3292640447616577, 0.31119751930236816, 0.29458969831466675, 0.2792675793170929, 0.264447957277298, 0.25305965542793274, 0.23719367384910583, 0.2249935120344162, 0.2111627757549286, 0.2013636976480484, 0.19228646159172058, 0.1805083304643631, 0.17254498600959778, 0.1625678688287735, 0.15582582354545593, 0.14708977937698364, 0.13898694515228271, 0.12993398308753967, 0.12961092591285706, 0.11985072493553162, 0.11570506542921066, 0.1073651909828186, 0.10297941416501999, 0.09805449098348618, 0.09143005311489105, 0.08649209886789322, 0.08796177059412003, 0.07935182005167007, 0.07636038213968277, 0.07203176617622375, 0.06809989362955093, 0.07752112299203873, 0.06972643733024597, 0.061352651566267014, 0.06751315295696259, 0.05598955601453781, 0.051742073148489, 0.04828104376792908, 0.05117545276880264, 0.06172661483287811, 0.0488598495721817, 0.04880865290760994, 0.042576611042022705, 0.04139477759599686, 0.0401296503841877, 0.037347905337810516, 0.03876882418990135], "accuracy": [0.09448383003473282, 0.13890118896961212, 0.14377492666244507, 0.18630926311016083, 0.2399202436208725, 0.2732609510421753, 0.3082631826400757, 0.3357332646846771, 0.3784891366958618, 0.4083960950374603, 0.43453699350357056, 0.4716437757015228, 0.46987152099609375, 0.5206025838851929, 0.5415374636650085, 0.5769827365875244, 0.5944838523864746, 0.6120957136154175, 0.6435533761978149, 0.6549623608589172, 0.6772264242172241, 0.6781125664710999, 0.7042534351348877, 0.7272928953170776, 0.7496677041053772, 0.727514386177063, 0.758529007434845, 0.7557598352432251, 0.785666823387146, 0.7899867296218872, 0.7990695834159851, 0.8212228417396545, 0.8354009985923767, 0.8002880215644836, 0.8406069874763489, 0.8455914855003357, 0.854009747505188, 0.8638679385185242, 0.7985157370567322, 0.8270934820175171, 0.8654186725616455, 0.8231058716773987, 0.8805937170982361, 0.8964332938194275, 0.9089499115943909, 0.8792645335197449, 0.812029242515564, 0.8787106871604919, 0.8736154437065125, 0.8992024660110474, 0.9035223722457886, 0.9049623608589172, 0.9172574281692505, 0.8999778628349304], "f1_m": [0.0035882582888007164, 0.005384482443332672, 0.005802015773952007, 0.008828645572066307, 0.02362143062055111, 0.0559190958738327, 0.08136656880378723, 0.1130230575799942, 0.18039152026176453, 0.2360684871673584, 0.2823701500892639, 0.3411913216114044, 0.36797013878822327, 0.4242723882198334, 0.46813642978668213, 0.5159163475036621, 0.5380502939224243, 0.5617542266845703, 0.6053776741027832, 0.6146125197410583, 0.6465255618095398, 0.6574298143386841, 0.6823495626449585, 0.7076011896133423, 0.7332997918128967, 0.7124354839324951, 0.7471371293067932, 0.745722234249115, 0.773267388343811, 0.779029369354248, 0.7941752076148987, 0.8180186152458191, 0.8266010284423828, 0.7949267625808716, 0.8387064337730408, 0.8424103260040283, 0.8487988710403442, 0.8586676120758057, 0.7915462255477905, 0.8263277411460876, 0.8627956509590149, 0.8232704997062683, 0.8772990703582764, 0.899030327796936, 0.9011826515197754, 0.8748606443405151, 0.8073003888130188, 0.8732222318649292, 0.86664217710495, 0.8958483934402466, 0.8998434543609619, 0.9019986987113953, 0.9095683693885803, 0.897747814655304], "val_loss": [3.038950204849243, 3.02522873878479, 2.9141602516174316, 2.716742753982544, 2.5085432529449463, 2.3705666065216064, 2.2113423347473145, 2.1088900566101074, 2.0880308151245117, 1.9165996313095093, 1.8058199882507324, 1.698091983795166, 1.718471884727478, 1.6105507612228394, 1.5542991161346436, 1.4635210037231445, 1.5074710845947266, 1.4048075675964355, 1.3599317073822021, 1.233898639678955, 1.3341286182403564, 1.2427186965942383, 1.2328873872756958, 1.2413052320480347, 1.1796183586120605, 1.0655498504638672, 1.0708723068237305, 1.0659445524215698, 0.993421196937561, 1.0390467643737793, 1.0579618215560913, 0.9165834188461304, 1.0368422269821167, 0.8967082500457764, 0.8946452736854553, 1.0298038721084595, 1.014675259590149, 0.9715545773506165, 0.9219935536384583, 0.8422040939331055, 0.9730925559997559, 0.8197393417358398, 0.8986598253250122, 0.7899823188781738, 0.7952530980110168, 0.8629221320152283, 0.9253497123718262, 0.8770468831062317, 0.8739637732505798, 0.9750348329544067, 0.8069974780082703, 0.8017287850379944, 0.9227591753005981, 0.848118245601654], "val_accuracy": [0.0793333351612091, 0.07466666400432587, 0.11699999868869781, 0.18533332645893097, 0.2549999952316284, 0.2993333339691162, 0.36133334040641785, 0.38499999046325684, 0.3916666805744171, 0.4350000023841858, 0.4716666638851166, 0.5043333172798157, 0.4959999918937683, 0.5216666460037231, 0.5443333387374878, 0.574999988079071, 0.5603333115577698, 0.5926666855812073, 0.6136666536331177, 0.6423333287239075, 0.6106666922569275, 0.6506666541099548, 0.6433333158493042, 0.6536666750907898, 0.6700000166893005, 0.6949999928474426, 0.6899999976158142, 0.6963333487510681, 0.718666672706604, 0.7096666693687439, 0.7026666402816772, 0.7440000176429749, 0.7113333344459534, 0.7463333606719971, 0.7523333430290222, 0.7120000123977661, 0.715666651725769, 0.7296666502952576, 0.7413333058357239, 0.7649999856948853, 0.737333357334137, 0.7743333578109741, 0.7570000290870667, 0.7856666445732117, 0.7903333306312561, 0.7606666684150696, 0.7446666955947876, 0.7570000290870667, 0.7590000033378601, 0.7393333315849304, 0.7863333225250244, 0.7826666831970215, 0.7593333125114441, 0.7749999761581421], "val_f1_m": [0.005882060155272484, 0.0019639930687844753, 0.020577916875481606, 0.017863569781184196, 0.04851561412215233, 0.07266101241111755, 0.08996491879224777, 0.14675842225551605, 0.2377016842365265, 0.30703961849212646, 0.3345264792442322, 0.3904636800289154, 0.4156346023082733, 0.4453982412815094, 0.49454352259635925, 0.5300403833389282, 0.5309160351753235, 0.5519745945930481, 0.5894310474395752, 0.6254839897155762, 0.5955702066421509, 0.6399579644203186, 0.6319419145584106, 0.6530261635780334, 0.6693565845489502, 0.6941326856613159, 0.6905494928359985, 0.6983100175857544, 0.7223387360572815, 0.7161545157432556, 0.714057981967926, 0.7477598786354065, 0.7156999707221985, 0.7519199848175049, 0.7605183124542236, 0.7163503170013428, 0.7195304036140442, 0.7341262102127075, 0.7464050650596619, 0.7716491222381592, 0.7413994073867798, 0.7788485884666443, 0.7577027678489685, 0.7910794019699097, 0.7939590811729431, 0.7665165662765503, 0.7540820240974426, 0.7638038396835327, 0.7645955085754395, 0.7477896809577942, 0.7880343198776245, 0.7866774201393127, 0.7703143954277039, 0.7810541391372681]}