{"loss": [0.4775484800338745, 0.4497482478618622, 0.42542678117752075, 0.4020351767539978, 0.37779325246810913, 0.3552451431751251, 0.3333730101585388, 0.3137541711330414, 0.2938671410083771, 0.27634289860725403, 0.2615843713283539, 0.24559538066387177, 0.232747420668602, 0.2189692258834839, 0.20504987239837646, 0.19532623887062073, 0.18442317843437195, 0.17438317835330963, 0.16674229502677917, 0.1574535071849823, 0.14940206706523895, 0.13995681703090668, 0.1356070339679718, 0.12572556734085083, 0.12197824567556381, 0.12218526005744934, 0.10959003865718842, 0.10338632762432098, 0.09797916561365128, 0.09639021754264832, 0.08905702829360962, 0.08483796566724777, 0.08050352334976196, 0.07861094176769257, 0.07951997965574265, 0.0719672217965126, 0.06919370591640472, 0.0664537250995636, 0.06238937005400658, 0.05874025821685791, 0.058008432388305664, 0.060105107724666595, 0.053706876933574677, 0.05065102130174637, 0.04826618731021881, 0.049413688480854034, 0.04961426556110382, 0.04454241693019867, 0.04555673152208328, 0.04062092304229736, 0.040814634412527084, 0.03697369992733002, 0.035443615168333054, 0.04388445243239403, 0.03449993208050728, 0.03663318231701851, 0.03235360607504845, 0.03064163215458393, 0.03434663265943527, 0.03255341202020645, 0.02793966419994831, 0.027204280719161034, 0.029824327677488327, 0.028455372899770737, 0.02463379129767418, 0.031229332089424133, 0.024284804239869118, 0.025462474673986435, 0.024323955178260803, 0.021438632160425186, 0.0209222249686718, 0.023791614919900894, 0.020539525896310806, 0.019384073093533516, 0.021764663979411125, 0.018298834562301636, 0.01718929596245289, 0.018297243863344193, 0.01651967130601406, 0.017113270238041878, 0.017037922516465187, 0.016131766140460968, 0.01504436694085598, 0.014138782396912575, 0.015751533210277557, 0.014822556637227535, 0.01430726982653141, 0.015072242356836796, 0.015650197863578796, 0.017153136432170868, 0.014151168055832386, 0.012817749753594398, 0.014018332585692406], "accuracy": [0.10112981498241425, 0.1500886082649231, 0.20004430413246155, 0.24424013495445251, 0.2975188195705414, 0.3451484143733978, 0.4077315032482147, 0.4414045214653015, 0.486818790435791, 0.5269162654876709, 0.5541648268699646, 0.5834071636199951, 0.6055604815483093, 0.636685848236084, 0.6647098064422607, 0.6807709336280823, 0.7032565474510193, 0.7154408693313599, 0.7311697006225586, 0.742024838924408, 0.759304404258728, 0.7784669995307922, 0.7794638872146606, 0.8099246621131897, 0.8026140928268433, 0.7738147974014282, 0.8277580738067627, 0.836951732635498, 0.8459237813949585, 0.8422685265541077, 0.8602126836776733, 0.8654186725616455, 0.8754984736442566, 0.8702924251556396, 0.8485822081565857, 0.8741692304611206, 0.8768276572227478, 0.8797075748443604, 0.8946610689163208, 0.8995347619056702, 0.8912273049354553, 0.8801506161689758, 0.898980975151062, 0.9098360538482666, 0.9139344096183777, 0.8964332938194275, 0.8859105110168457, 0.9083961248397827, 0.9037439227104187, 0.9179220199584961, 0.9124944806098938, 0.9266725778579712, 0.9283340573310852, 0.8846920728683472, 0.9235711097717285, 0.9088391661643982, 0.9304386377334595, 0.9356446862220764, 0.909946858882904, 0.9167035818099976, 0.9373061656951904, 0.9414045214653015, 0.9173681735992432, 0.9262295365333557, 0.9402968287467957, 0.9080638289451599, 0.9375277161598206, 0.9264510273933411, 0.9354231357574463, 0.9500443339347839, 0.9520381093025208, 0.931657075881958, 0.9453921318054199, 0.9552503228187561, 0.9361984729766846, 0.9523704051971436, 0.9587948322296143, 0.9500443339347839, 0.9585733413696289, 0.9525919556617737, 0.9549180269241333, 0.9584625363349915, 0.9620071053504944, 0.967323899269104, 0.9606778621673584, 0.9603455662727356, 0.9625608921051025, 0.955028772354126, 0.9509304165840149, 0.9443952441215515, 0.9613425135612488, 0.967323899269104, 0.9606778621673584], "f1_m": [0.0032275826670229435, 0.006690960377454758, 0.0162003543227911, 0.03624233976006508, 0.06834831833839417, 0.13927321135997772, 0.2322607785463333, 0.32645657658576965, 0.39072349667549133, 0.44583114981651306, 0.4866974949836731, 0.5319465398788452, 0.565143883228302, 0.6063159704208374, 0.6376819014549255, 0.6498531103134155, 0.6850829124450684, 0.6980891823768616, 0.7116884589195251, 0.7315669655799866, 0.7455033659934998, 0.770796537399292, 0.7703097462654114, 0.7983350157737732, 0.7962296009063721, 0.7644404768943787, 0.8214412927627563, 0.8336419463157654, 0.8393943309783936, 0.8383108973503113, 0.8581464886665344, 0.8664698600769043, 0.8742316961288452, 0.8629489541053772, 0.8454678058624268, 0.8665266633033752, 0.8715695142745972, 0.8763484954833984, 0.8929600715637207, 0.8933267593383789, 0.8856887817382812, 0.8772709369659424, 0.8960323929786682, 0.9086753129959106, 0.9093104600906372, 0.8906446099281311, 0.8837305903434753, 0.907303512096405, 0.9003812670707703, 0.9145129323005676, 0.9100090265274048, 0.925658643245697, 0.9229139089584351, 0.8808355331420898, 0.9206321835517883, 0.9052421450614929, 0.929141640663147, 0.9300812482833862, 0.9025871157646179, 0.9172739386558533, 0.9325817227363586, 0.9381741881370544, 0.9174803495407104, 0.9269230961799622, 0.935577392578125, 0.9026225805282593, 0.9359592795372009, 0.9222077131271362, 0.9336163997650146, 0.9489103555679321, 0.9468375444412231, 0.9299336671829224, 0.944412350654602, 0.9523990154266357, 0.9343071579933167, 0.9525923132896423, 0.95683753490448, 0.9506584405899048, 0.9526527523994446, 0.949021577835083, 0.9558954238891602, 0.9564375281333923, 0.9613364934921265, 0.9656159281730652, 0.9557706713676453, 0.9589722156524658, 0.9593207240104675, 0.9504180550575256, 0.9480038285255432, 0.9423343539237976, 0.9605118632316589, 0.96703040599823, 0.9578654170036316], "val_loss": [2.962935209274292, 2.813399314880371, 2.6342556476593018, 2.4462268352508545, 2.276228666305542, 2.0380795001983643, 1.8998260498046875, 1.7560144662857056, 1.649777889251709, 1.480054497718811, 1.4178247451782227, 1.4083293676376343, 1.2920035123825073, 1.1359989643096924, 1.285341501235962, 1.0493117570877075, 0.9814502596855164, 1.0790653228759766, 0.9287752509117126, 0.9344078898429871, 0.8761854767799377, 0.874779224395752, 0.9116821885108948, 0.8711848855018616, 0.8949263691902161, 0.8395087122917175, 0.7118196487426758, 0.6634593605995178, 0.720557451248169, 0.7063959836959839, 0.7430852055549622, 0.660787045955658, 0.6648152470588684, 0.6913708448410034, 0.6563400626182556, 0.6991096138954163, 0.7393175363540649, 0.7859958410263062, 0.6870014667510986, 0.6158477663993835, 0.6076895594596863, 0.6103171110153198, 0.6014411449432373, 0.5348211526870728, 0.6308724284172058, 0.6308714151382446, 0.6228362321853638, 0.5557102560997009, 0.6468472480773926, 0.5314638018608093, 0.5626673102378845, 0.5374330282211304, 0.5240135192871094, 0.5409581065177917, 0.5927982330322266, 0.5203059911727905, 0.49661463499069214, 0.5739279985427856, 0.505035400390625, 0.4910886287689209, 0.6609938144683838, 0.5172581672668457, 0.5317343473434448, 0.4878891706466675, 0.5367209315299988, 0.49213993549346924, 0.47531259059906006, 0.5241579413414001, 0.4942358732223511, 0.4562299847602844, 0.5238538384437561, 0.45203498005867004, 0.4589308798313141, 0.4692363142967224, 0.4825264811515808, 0.43822237849235535, 0.46284252405166626, 0.44018611311912537, 0.4566250741481781, 0.43560102581977844, 0.42545732855796814, 0.4200059771537781, 0.40644603967666626, 0.4422718584537506, 0.4568348824977875, 0.4378717839717865, 0.4216637909412384, 0.4727451205253601, 0.5081305503845215, 0.4157518744468689, 0.42587125301361084, 0.48113811016082764, 0.43467700481414795],