{"loss": [6.84457540512085, 5.802579879760742, 5.158477306365967, 4.761167526245117, 4.51738166809082, 4.320058345794678, 4.228686332702637, 4.0661492347717285, 4.00823450088501, 4.005815505981445, 3.9611213207244873, 3.910839319229126, 3.8973193168640137, 3.8234713077545166, 3.763936758041382, 3.790518283843994, 3.82184100151062, 3.7993557453155518, 3.8039193153381348, 3.773817777633667, 3.75565505027771, 3.779644012451172, 3.7747204303741455, 3.7707464694976807, 3.7382895946502686, 3.7556426525115967, 3.711779832839966, 3.763387441635132, 3.7441859245300293, 3.752685070037842, 3.705770969390869], "val_loss": [3.9015228748321533, 3.036592960357666, 2.4041099548339844, 2.0227267742156982, 1.758609652519226, 1.5623928308486938, 1.4197063446044922, 1.3228384256362915, 1.2458462715148926, 1.200240969657898, 1.1545989513397217, 1.1165566444396973, 1.1025103330612183, 1.0793509483337402, 1.0597997903823853, 1.062168002128601, 1.0433818101882935, 1.0332040786743164, 1.034454107284546, 1.0360504388809204, 1.0232961177825928, 1.0241249799728394, 1.0358641147613525, 1.03226637840271, 1.0289825201034546, 1.0332081317901611, 1.0351349115371704, 1.0269469022750854, 1.0293498039245605, 1.0316824913024902, 1.0384889841079712]}