{"loss": [6.812052249908447, 5.763522148132324, 5.118935585021973, 4.715131759643555, 4.470582962036133, 4.274947643280029, 4.190149784088135, 4.029836177825928, 3.9780397415161133, 3.9740231037139893, 3.9094650745391846, 3.87056303024292, 3.8695316314697266, 3.8045709133148193, 3.75111722946167, 3.780623435974121, 3.8134713172912598, 3.794625759124756, 3.802907943725586, 3.7711331844329834, 3.727847099304199, 3.7538583278656006, 3.750432014465332, 3.7476909160614014, 3.7183656692504883, 3.7397310733795166, 3.69791316986084, 3.75087308883667, 3.731220006942749, 3.7418177127838135, 3.6958909034729004, 3.6460704803466797, 3.740220785140991, 3.7269575595855713, 3.7307348251342773, 3.7037670612335205, 3.7170653343200684, 3.7311744689941406, 3.6811647415161133, 3.6994173526763916, 3.701535940170288, 3.7398698329925537, 3.700753688812256, 3.6850595474243164, 3.657480001449585, 3.6959164142608643, 3.7066166400909424, 3.7585692405700684, 3.689756155014038, 3.7266945838928223, 3.6624062061309814, 3.6898105144500732, 3.704566240310669], "val_loss": [3.8651089668273926, 2.9471638202667236, 2.3646280765533447, 1.9748811721801758, 1.6972171068191528, 1.5146570205688477, 1.3788490295410156, 1.286973476409912, 1.2098733186721802, 1.171571135520935, 1.1131086349487305, 1.091130018234253, 1.085414171218872, 1.0663326978683472, 1.0574575662612915, 1.0511152744293213, 1.0432125329971313, 1.0314942598342896, 1.0325145721435547, 1.030116081237793, 1.0133304595947266, 1.0103143453598022, 1.007896065711975, 1.009511113166809, 1.008039951324463, 1.0089430809020996, 1.008553385734558, 1.0067603588104248, 1.0057581663131714, 1.0067647695541382, 1.0054713487625122, 1.0064775943756104, 1.0061099529266357, 1.0051616430282593, 1.0056710243225098, 1.006011724472046, 1.005217432975769, 1.0059095621109009, 1.0047856569290161, 1.0043808221817017, 1.0048481225967407, 1.0059523582458496, 1.003883719444275, 1.0051684379577637, 1.0056829452514648, 1.0042937994003296, 1.0043421983718872, 1.0052552223205566, 1.0049940347671509, 1.006273627281189, 1.0072226524353027, 1.0068519115447998, 1.0066214799880981], "lr": [0.0010000000474974513, 0.0010000000474974513, 0.0010000000474974513, 0.0010000000474974513, 0.0010000000474974513, 0.0010000000474974513, 0.0010000000474974513, 0.0010000000474974513, 0.0010000000474974513, 0.0010000000474974513, 0.0005000000237487257, 0.0005000000237487257, 0.0005000000237487257, 0.0005000000237487257, 0.0005000000237487257, 0.0005000000237487257, 0.0005000000237487257, 0.0005000000237487257, 0.0005000000237487257, 0.0005000000237487257, 9.999999747378752e-05, 9.999999747378752e-05, 9.999999747378752e-05, 9.999999747378752e-05, 9.999999747378752e-05, 9.999999747378752e-05, 9.999999747378752e-05, 9.999999747378752e-05, 9.999999747378752e-05, 9.999999747378752e-05, 9.999999747378752e-05, 9.999999747378752e-05, 9.999999747378752e-05, 9.999999747378752e-05, 9.999999747378752e-05, 9.999999747378752e-05, 9.999999747378752e-05, 9.999999747378752e-05, 9.999999747378752e-05, 9.999999747378752e-05, 9.999999747378752e-05, 9.999999747378752e-05, 9.999999747378752e-05, 9.999999747378752e-05, 9.999999747378752e-05, 9.999999747378752e-05, 9.999999747378752e-05, 9.999999747378752e-05, 9.999999747378752e-05, 9.999999747378752e-05, 9.999999747378752e-05, 9.999999747378752e-05, 9.999999747378752e-05]}