{"loss": [5.231112957000732, 4.455576419830322, 4.068686485290527, 3.79789137840271, 3.5572569370269775, 3.328361988067627, 3.1226940155029297, 2.9471194744110107, 2.796738862991333, 2.6659626960754395, 2.5546603202819824, 2.456784725189209, 2.369109869003296, 2.2910268306732178, 2.220425844192505, 2.1582515239715576, 2.099400520324707, 2.0462841987609863, 1.9959925413131714, 1.9499249458312988, 1.9078474044799805, 1.8675191402435303, 1.8304163217544556, 1.7963532209396362, 1.7616610527038574, 1.7298487424850464, 1.7015738487243652, 1.671970248222351, 1.643846035003662, 1.6249337196350098, 1.5968347787857056, 1.5704413652420044, 1.5444855690002441, 1.5194649696350098, 1.4972643852233887, 1.4764587879180908, 1.4565201997756958, 1.4371639490127563, 1.419777512550354, 1.4005074501037598, 1.383975625038147, 1.3653093576431274, 1.3500972986221313, 1.334127426147461, 1.3181190490722656, 1.3017919063568115, 1.2897813320159912, 1.2761870622634888, 1.2604445219039917, 1.2714447975158691, 1.2503958940505981, 1.233794093132019, 1.2225474119186401, 1.2110098600387573, 1.1978504657745361, 1.1858235597610474, 1.1745100021362305, 1.1635252237319946, 1.1530107259750366, 1.1441524028778076, 1.1333279609680176, 1.1231743097305298, 1.1120905876159668, 1.104786992073059, 1.0961782932281494, 1.086176872253418, 1.0767868757247925, 1.071486234664917, 1.0626671314239502, 1.053893804550171, 1.0467299222946167, 1.0393356084823608, 1.031211256980896, 1.0244826078414917, 1.016876220703125, 1.0113259553909302, 1.0059535503387451, 0.998382568359375, 0.9930955767631531, 0.9860602021217346, 0.9794842600822449, 0.9734889268875122, 0.969673752784729, 0.9637163281440735, 0.9574044942855835, 0.9535855054855347, 0.9469226002693176, 0.9405401349067688, 0.9375860691070557, 0.9323279857635498, 0.9277915358543396, 0.9236873984336853, 0.9187788963317871, 0.9148624539375305, 0.9108700156211853, 0.9060441255569458, 0.9014264345169067, 0.8976697325706482, 0.8937679529190063, 0.888593852519989], "val_loss": [4.745983600616455, 4.247176647186279, 3.9666333198547363, 3.733299970626831, 3.5189175605773926, 3.3075151443481445, 3.126891613006592, 2.9849841594696045, 2.846161365509033, 2.75162410736084, 2.6457839012145996, 2.561868906021118, 2.503324270248413, 2.430607318878174, 2.3864991664886475, 2.3311378955841064, 2.2761363983154297, 2.231834888458252, 2.1988282203674316, 2.1638147830963135, 2.1315267086029053, 2.0913822650909424, 2.081239700317383, 2.036416530609131, 2.014892101287842, 2.0070583820343018, 1.961578369140625, 1.9402809143066406, 1.9182099103927612, 1.9011640548706055, 1.8863259553909302, 1.8609893321990967, 1.8434299230575562, 1.8368057012557983, 1.8115242719650269, 1.8055108785629272, 1.7782244682312012, 1.7710851430892944, 1.7646883726119995, 1.7460641860961914, 1.7345689535140991, 1.7220814228057861, 1.7039837837219238, 1.691422939300537, 1.6816580295562744, 1.6807564496994019, 1.6684483289718628, 1.6544368267059326, 1.6440750360488892, 1.6520576477050781, 1.6385561227798462, 1.641018271446228, 1.6337772607803345, 1.6206111907958984, 1.6145973205566406, 1.605971097946167, 1.6022237539291382, 1.5913728475570679, 1.580870509147644, 1.574365258216858, 1.5633653402328491, 1.558582067489624, 1.5624215602874756, 1.5501023530960083, 1.544319748878479, 1.5459321737289429, 1.539074182510376, 1.5321108102798462, 1.5269910097122192, 1.5203531980514526, 1.5209031105041504, 1.5203229188919067, 1.502021312713623, 1.5104352235794067, 1.5077940225601196, 1.5089282989501953, 1.4961189031600952, 1.4995254278182983, 1.4950183629989624, 1.4932235479354858, 1.4926811456680298, 1.487691879272461, 1.493026852607727, 1.4889106750488281, 1.4749341011047363, 1.4819929599761963, 1.4764517545700073, 1.4829636812210083, 1.4732061624526978, 1.464690089225769, 1.473678469657898, 1.466577172279358, 1.4664510488510132, 1.4731436967849731, 1.4689257144927979, 1.466545820236206, 1.4660205841064453, 1.4614161252975464, 1.4610131978988647, 1.4562863111495972]}