{"loss": [6.861664295196533, 5.877249240875244, 5.260003089904785, 4.856019020080566, 4.595387935638428, 4.381458282470703, 4.277691841125488, 4.103466987609863, 4.0416646003723145, 4.0293097496032715, 3.9830920696258545, 3.9301185607910156, 3.914069652557373, 3.8401777744293213, 3.778705596923828, 3.8050615787506104, 3.834284782409668, 3.8112707138061523, 3.8157875537872314, 3.783365249633789, 3.764545440673828, 3.78935170173645, 3.7836315631866455, 3.779085159301758, 3.7441954612731934, 3.7617456912994385, 3.719177007675171, 3.770017385482788, 3.750211238861084, 3.7587010860443115, 3.7095396518707275, 3.661102056503296, 3.7554848194122314, 3.7379062175750732, 3.7428088188171387], "val_loss": [3.9871978759765625, 3.1062355041503906, 2.532377004623413, 2.120262861251831, 1.834629774093628, 1.6196203231811523, 1.458953857421875, 1.351721167564392, 1.2724347114562988, 1.2208034992218018, 1.1681835651397705, 1.1272389888763428, 1.1183022260665894, 1.083504319190979, 1.076525092124939, 1.0637956857681274, 1.0514440536499023, 1.0379681587219238, 1.0414652824401855, 1.0392036437988281, 1.03557288646698, 1.033693790435791, 1.0394595861434937, 1.041554570198059, 1.03300940990448, 1.0417460203170776, 1.0417325496673584, 1.0354256629943848, 1.0384960174560547, 1.0342274904251099, 1.0418827533721924, 1.0413200855255127, 1.0354830026626587, 1.0415598154067993, 1.042392373085022]}