{"loss": [0.1890546679496765, 0.1664704531431198, 0.14482402801513672, 0.1289384812116623, 0.11736972630023956, 0.10702251642942429, 0.09915542602539062, 0.09011097997426987, 0.08413992822170258, 0.07487665116786957, 0.07150961458683014, 0.06575724482536316, 0.062199294567108154, 0.05910204350948334, 0.05919397994875908, 0.05096597969532013, 0.04993446543812752, 0.047562237828969955, 0.04507686570286751, 0.04323522374033928, 0.04273485019803047], "accuracy": [0.10777580738067627, 0.17434647679328918, 0.24335400760173798, 0.32255205512046814, 0.3619849383831024, 0.4152636229991913, 0.4623394012451172, 0.4982277452945709, 0.5312361717224121, 0.576871931552887, 0.5931546092033386, 0.6223970055580139, 0.6427780389785767, 0.6573991775512695, 0.6732388138771057, 0.7004873752593994, 0.702813446521759, 0.7168807983398438, 0.7302835583686829, 0.7493354082107544, 0.740695595741272], "val_loss": [5.902647972106934, 9.513444900512695, 4.194097518920898, 5.08955192565918, 5.374269485473633, 6.988855361938477, 6.17124080657959, 14.664179801940918, 3.566577434539795, 3.080810785293579, 1.8724443912506104, 6.521205902099609, 11.609468460083008, 12.123114585876465, 2.2911250591278076, 7.959456920623779, 4.387117385864258, 3.508714199066162, 3.2358529567718506, 15.403302192687988, 5.728411674499512], "val_accuracy": [0.06666667014360428, 0.070333331823349, 0.14499999582767487, 0.1340000033378601, 0.12133333086967468, 0.11366666853427887, 0.1679999977350235, 0.07366666942834854, 0.18799999356269836, 0.2446666657924652, 0.46966665983200073, 0.20999999344348907, 0.08100000023841858, 0.0689999982714653, 0.46299999952316284, 0.12933333218097687, 0.1913333386182785, 0.3176666796207428, 0.3686666786670685, 0.09166666865348816, 0.19900000095367432]}