{"loss": [0.15159514546394348, 0.1451515555381775, 0.13942642509937286, 0.13397662341594696, 0.12749901413917542, 0.12037629634141922, 0.10803977400064468, 0.09503299742937088, 0.08443126827478409, 0.1055280938744545, 0.08910448849201202, 0.08420604467391968, 0.07750878483057022, 0.07367599010467529, 0.06662589311599731, 0.06963223963975906, 0.06500901281833649, 0.055875398218631744, 0.05405436456203461, 0.0468333475291729, 0.0475764274597168, 0.04111485555768013, 0.03749827295541763, 0.03662222623825073, 0.028697794303297997, 0.03567856550216675, 0.030421677976846695, 0.06386256963014603, 0.040798693895339966, 0.025762977078557014, 0.02265719324350357, 0.022451335564255714, 0.017390362918376923, 0.034761618822813034, 0.01949513889849186, 0.016017958521842957, 0.014982606284320354, 0.012113687582314014, 0.012475153431296349, 0.00934563111513853, 0.012727130204439163, 0.011021112091839314, 0.006539372727274895, 0.00988825410604477, 0.008989639580249786, 0.007161391898989677, 0.00788102950900793, 0.004410078749060631, 0.05016665160655975, 0.01605801098048687, 0.012378746643662453, 0.007659516762942076, 0.007604366634041071, 0.006841096095740795, 0.008394855074584484, 0.004603150300681591, 0.005215627606958151, 0.010937080718576908, 0.010830981656908989, 0.008116901852190495, 0.0027296633925288916, 0.008989780209958553, 0.0030753070022910833, 0.0017236609710380435, 0.0025072272401303053], "accuracy": [0.09714222699403763, 0.12217545509338379, 0.1426672637462616, 0.17379264533519745, 0.19051839411258698, 0.23305273056030273, 0.32753655314445496, 0.4083960950374603, 0.4808374047279358, 0.33396100997924805, 0.42977404594421387, 0.46621620655059814, 0.5055383443832397, 0.5206025838851929, 0.5717766880989075, 0.5513956546783447, 0.5820779800415039, 0.6305937170982361, 0.6513070464134216, 0.690186083316803, 0.6930660009384155, 0.7284005284309387, 0.7558706402778625, 0.7555383443832397, 0.7969650030136108, 0.760965883731842, 0.7968542575836182, 0.6386796832084656, 0.7440186142921448, 0.8272042274475098, 0.8527913093566895, 0.8571112155914307, 0.8872396945953369, 0.7997341752052307, 0.8797075748443604, 0.898980975151062, 0.9054054021835327, 0.9221311211585999, 0.9205803871154785, 0.9377492070198059, 0.9213557839393616, 0.930881679058075, 0.9540318846702576, 0.9369738698005676, 0.9436198472976685, 0.956358015537262, 0.9508196711540222, 0.9717545509338379, 0.7554275393486023, 0.9057376980781555, 0.9284448623657227, 0.954142689704895, 0.9539211392402649, 0.9603455662727356, 0.9493796825408936, 0.9714222550392151, 0.9702038168907166, 0.937970757484436, 0.9374169111251831, 0.9519273638725281, 0.9823881387710571, 0.9471643567085266, 0.9802835583686829, 0.989034116268158, 0.9832742810249329], "val_loss": [2.708688735961914, 2.707338571548462, 2.445103406906128, 2.4225716590881348, 2.3257896900177, 2.026667594909668, 1.8895593881607056, 1.6786589622497559, 2.7366955280303955, 1.6632179021835327, 1.86967134475708, 1.402678370475769, 1.760845422744751, 1.3233829736709595, 1.477628231048584, 1.4618040323257446, 1.1461597681045532, 1.883658528327942, 1.1373317241668701, 2.9752020835876465, 1.0544188022613525, 1.0272661447525024, 4.810121059417725, 1.2435073852539062, 1.0928372144699097, 0.7991169691085815, 1.9502644538879395, 1.2840285301208496, 0.7833507657051086, 1.201049566268921, 2.0490591526031494, 1.3252695798873901, 2.156748056411743, 1.5478755235671997, 1.2705546617507935, 0.7245849370956421, 5.446939468383789, 0.6052413582801819, 0.8473196625709534, 0.7634409070014954, 0.49417200684547424, 3.7784922122955322, 1.1597903966903687, 1.8493388891220093, 0.46894049644470215, 1.0433648824691772, 0.4517393112182617, 11.359161376953125, 2.035600423812866, 0.7952563762664795, 0.45526203513145447, 0.5283281803131104, 0.5666710734367371, 1.0745333433151245, 0.39280903339385986, 0.5064483284950256, 0.4705355763435364, 0.8622051477432251, 0.9547589421272278, 0.9416096806526184, 0.5507697463035583, 0.4422110915184021, 0.8702517747879028, 0.4481624364852905, 2.223844528198242], "val_accuracy": [0.06700000166893005, 0.06733333319425583, 0.19966666400432587, 0.1836666613817215, 0.21033333241939545, 0.35499998927116394, 0.3733333349227905, 0.44733333587646484, 0.2693333327770233, 0.4326666593551636, 0.3606666624546051, 0.5163333415985107, 0.4573333263397217, 0.5443333387374878, 0.543666660785675, 0.512666642665863, 0.5883333086967468, 0.49033331871032715, 0.6323333382606506, 0.3970000147819519, 0.6543333530426025, 0.6826666593551636, 0.33799999952316284, 0.628000020980835, 0.6763333082199097, 0.7593333125114441, 0.518666684627533, 0.6179999709129333, 0.7570000290870667, 0.6729999780654907, 0.5646666884422302, 0.6769999861717224, 0.5220000147819519, 0.6293333172798157, 0.6916666626930237, 0.7946666479110718, 0.35499998927116394, 0.8349999785423279, 0.7853333353996277, 0.8090000152587891, 0.8556666374206543, 0.46166667342185974, 0.7540000081062317, 0.6073333621025085, 0.8763333559036255, 0.7409999966621399, 0.8793333172798157, 0.2590000033378601, 0.5306666493415833, 0.7919999957084656, 0.8786666393280029, 0.8656666874885559, 0.8543333411216736, 0.7639999985694885, 0.9006666541099548, 0.8766666650772095, 0.8913333415985107, 0.8140000104904175, 0.8036666512489319, 0.7799999713897705, 0.8806666731834412, 0.8989999890327454, 0.8206666707992554, 0.9089999794960022, 0.6273333430290222]}