{"loss": [0.10346025228500366, 0.053691256791353226, 0.03218935802578926, 0.016344677656888962, 0.015502819791436195, 0.01071934960782528, 0.02793557569384575, 0.007870144210755825, 0.015695182606577873, 0.006850512232631445, 0.0038757396396249533, 0.0073785847052931786, 0.0017525311559438705, 0.0026515175122767687, 0.003496370278298855, 0.0031758302357047796, 0.001123861176893115, 0.008348578587174416, 0.0017822658410295844, 0.0011667001526802778], "accuracy": [0.40396544337272644, 0.6972751617431641, 0.8196721076965332, 0.9061807990074158, 0.9112760424613953, 0.9415152668952942, 0.8537881970405579, 0.9565795063972473, 0.9141559600830078, 0.9611209630966187, 0.9772928953170776, 0.9587948322296143, 0.9902525544166565, 0.9852680563926697, 0.9795082211494446, 0.9847142100334167, 0.9945724606513977, 0.9623394012451172, 0.9893664121627808, 0.9937970638275146], "val_loss": [2.760200262069702, 2.8959081172943115, 1.2647954225540161, 0.5768800973892212, 1.2424900531768799, 1.5932869911193848, 0.5787562131881714, 0.768927812576294, 0.5490847229957581, 0.4057612717151642, 1.916748046875, 0.31753018498420715, 0.4173331558704376, 0.32094302773475647, 0.3033314049243927, 0.17333900928497314, 0.40282899141311646, 0.361183226108551, 0.1342289298772812, 0.5120671391487122], "val_accuracy": [0.16233333945274353, 0.2750000059604645, 0.6213333606719971, 0.8146666884422302, 0.6726666688919067, 0.628333330154419, 0.8209999799728394, 0.7720000147819519, 0.8473333120346069, 0.8799999952316284, 0.6320000290870667, 0.9076666831970215, 0.8970000147819519, 0.9193333387374878, 0.9190000295639038, 0.9556666612625122, 0.8913333415985107, 0.8976666927337646, 0.9620000123977661, 0.8690000176429749]}