{"loss": [0.09468117356300354, 0.04182736575603485, 0.02621328830718994, 0.017219049856066704, 0.010984954424202442, 0.014031672850251198, 0.012783118523657322, 0.005224289372563362, 0.004937211517244577, 0.02762158401310444, 0.006635625846683979, 0.004435754381120205, 0.0027258596383035183, 0.0011338047916069627, 0.007933844812214375, 0.0020228312350809574, 0.010409282520413399, 0.012146495282649994, 0.0028910182882100344, 0.0020137219689786434, 0.0011557621182873845, 0.0031456935685127974, 0.0005496374214999378], "accuracy": [0.44827204942703247, 0.7614089250564575, 0.8496898412704468, 0.8972086906433105, 0.940186083316803, 0.9183650612831116, 0.9268941283226013, 0.968985378742218, 0.9716437458992004, 0.8474745154380798, 0.964333176612854, 0.9751883149147034, 0.9839388728141785, 0.9946832060813904, 0.957465648651123, 0.988480269908905, 0.946499764919281, 0.9334293603897095, 0.9828311800956726, 0.9865972399711609, 0.9943509101867676, 0.9836065769195557, 0.9975631237030029], "val_loss": [2.829585552215576, 1.790036678314209, 1.1748346090316772, 2.099199056625366, 0.879713237285614, 0.4332473874092102, 0.6807328462600708, 0.9430840611457825, 4.372607707977295, 1.346462607383728, 0.37654829025268555, 0.29827818274497986, 0.1763022094964981, 0.7099071741104126, 0.2448100596666336, 0.41995254158973694, 1.244997501373291, 0.9790230989456177, 0.18287980556488037, 0.3495854139328003, 0.264395147562027, 0.21094663441181183, 0.23144091665744781], "val_accuracy": [0.11599999666213989, 0.45633333921432495, 0.6506666541099548, 0.5263333320617676, 0.7366666793823242, 0.8666666746139526, 0.7853333353996277, 0.7583333253860474, 0.375, 0.6476666927337646, 0.8809999823570251, 0.9086666703224182, 0.9520000219345093, 0.8159999847412109, 0.9306666851043701, 0.8853333592414856, 0.6883333325386047, 0.7523333430290222, 0.9449999928474426, 0.893666684627533, 0.9296666383743286, 0.9403333067893982, 0.9383333325386047]}